parent_id,depth,phase,eligible,split_point,unconditional,child_lookahead_required,reason
R,0,initial_partition,1,0.053626367066970722,1,false,"accepted_initial_partition_breakpoint"
R.0,1,initial_partition,1,0.026813183533485361,1,false,"accepted_initial_partition_breakpoint"
R.0.0,2,adaptive_refinement,1,0.01340659176674268,1,false,"accepted_unconditional_adaptive_midpoint"
R.0.1,2,adaptive_refinement,1,0.040219775300228043,1,false,"accepted_unconditional_adaptive_midpoint"
R.1,1,initial_partition,1,0.080439550600456086,1,false,"accepted_initial_partition_breakpoint"
R.0.0.0,3,adaptive_refinement,1,0.0067032958833713402,1,false,"accepted_unconditional_adaptive_midpoint"
R.0.0.1,3,adaptive_refinement,1,0.020109887650114022,1,false,"accepted_unconditional_adaptive_midpoint"
R.0.0.0.0,4,adaptive_refinement,1,0.0033516479416856701,1,false,"accepted_unconditional_adaptive_midpoint"
R.0.0.0.1,4,adaptive_refinement,1,0.010054943825057011,1,false,"accepted_unconditional_adaptive_midpoint"
R.0.0.0.0.1,5,adaptive_refinement,1,0.0050274719125285054,1,false,"accepted_unconditional_adaptive_midpoint"
R.0.0.0.0.1.1,6,adaptive_refinement,1,0.0058653838979499228,1,false,"accepted_unconditional_adaptive_midpoint"
R.0.0.0.0.1.0,6,adaptive_refinement,1,0.004189559927107088,1,false,"accepted_unconditional_adaptive_midpoint"
R.0.0.0.0.1.0.1,7,adaptive_refinement,1,0.0046085159198177971,1,false,"accepted_unconditional_adaptive_midpoint"
R.0.0.0.0.1.0.1.1,8,adaptive_refinement,1,0.0048179939161731508,1,false,"accepted_unconditional_adaptive_midpoint"
R.0.0.0.0.1.0.1.0,8,adaptive_refinement,1,0.0043990379234624425,1,false,"accepted_unconditional_adaptive_midpoint"
R.0.0.0.0.1.0.1.0.0,9,adaptive_refinement,1,0.0042942989252847657,1,false,"accepted_unconditional_adaptive_midpoint"
R.0.0.0.0.1.0.1.0.1,9,adaptive_refinement,1,0.0045037769216401194,1,false,"accepted_unconditional_adaptive_midpoint"
R.0.0.0.0.1.0.1.0.1.0,10,terminal,0,0,0,false,"terminal_max_adaptive_depth"
R.0.0.0.0.1.0.1.0.1.1,10,terminal,0,0,0,false,"terminal_max_adaptive_depth"
R.0.0.0.0.1.0.1.1.0,9,adaptive_refinement,1,0.004713254917995474,1,false,"accepted_unconditional_adaptive_midpoint"
R.0.0.0.0.1.0.1.1.0.0,10,terminal,0,0,0,false,"terminal_max_adaptive_depth"
R.0.0.0.0.1.0.1.1.0.1,10,terminal,0,0,0,false,"terminal_max_adaptive_depth"
R.0.0.0.0.1.0.1.1.1,9,adaptive_refinement,1,0.0049227329143508285,1,false,"accepted_unconditional_adaptive_midpoint"
R.0.0.0.0.1.0.1.1.1.1,10,terminal,0,0,0,false,"terminal_max_adaptive_depth"
R.0.0.0.0.1.0.1.1.1.0,10,terminal,0,0,0,false,"terminal_max_adaptive_depth"
R.0.0.0.0.1.1.0,7,adaptive_refinement,1,0.0054464279052392137,1,false,"accepted_unconditional_adaptive_midpoint"
R.0.0.0.0.1.1.1,7,adaptive_refinement,1,0.0062843398906606319,1,false,"accepted_unconditional_adaptive_midpoint"
R.0.0.0.0.1.1.0.0,8,adaptive_refinement,1,0.00523694990888386,1,false,"accepted_unconditional_adaptive_midpoint"
R.0.0.0.0.1.1.0.0.1,9,adaptive_refinement,1,0.0053416889070615368,1,false,"accepted_unconditional_adaptive_midpoint"
R.0.0.0.0.1.1.0.0.0,9,adaptive_refinement,1,0.0051322109107061822,1,false,"accepted_unconditional_adaptive_midpoint"
R.0.0.0.0.1.1.0.0.0.0,10,terminal,0,0,0,false,"terminal_max_adaptive_depth"
R.0.0.0.0.1.1.0.0.0.1,10,terminal,0,0,0,false,"terminal_max_adaptive_depth"
R.0.0.0.0.1.1.0.1,8,adaptive_refinement,1,0.0056559059015945682,1,false,"accepted_unconditional_adaptive_midpoint"
R.0.0.0.0.1.1.0.0.1.0,10,terminal,0,0,0,false,"terminal_max_adaptive_depth"
R.0.0.0.0.1.1.0.0.1.1,10,terminal,0,0,0,false,"terminal_max_adaptive_depth"
R.0.0.0.0.1.1.0.1.0,9,adaptive_refinement,1,0.0055511669034168914,1,false,"accepted_unconditional_adaptive_midpoint"
R.0.0.0.0.1.1.0.1.0.1,10,terminal,0,0,0,false,"terminal_max_adaptive_depth"
R.0.0.0.0.1.1.0.1.0.0,10,terminal,0,0,0,false,"terminal_max_adaptive_depth"
R.0.0.0.0.1.1.0.1.1,9,adaptive_refinement,1,0.0057606448997722451,1,false,"accepted_unconditional_adaptive_midpoint"
R.0.0.0.0.1.1.0.1.1.0,10,terminal,0,0,0,false,"terminal_max_adaptive_depth"
R.0.0.0.0.1.1.0.1.1.1,10,terminal,0,0,0,false,"terminal_max_adaptive_depth"
R.0.0.0.0.1.1.1.1,8,adaptive_refinement,1,0.0064938178870159857,1,false,"accepted_unconditional_adaptive_midpoint"
R.0.0.0.0.1.1.1.0,8,adaptive_refinement,1,0.0060748618943052774,1,false,"accepted_unconditional_adaptive_midpoint"
R.0.0.0.0.1.1.1.0.0,9,adaptive_refinement,1,0.0059701228961276005,1,false,"accepted_unconditional_adaptive_midpoint"
R.0.0.0.0.1.1.1.0.0.1,10,terminal,0,0,0,false,"terminal_max_adaptive_depth"
R.0.0.0.0.1.1.1.0.0.0,10,terminal,0,0,0,false,"terminal_max_adaptive_depth"
R.0.0.0.0.1.1.1.0.1,9,adaptive_refinement,1,0.0061796008924829542,1,false,"accepted_unconditional_adaptive_midpoint"
R.0.0.0.0.1.1.1.0.1.0,10,terminal,0,0,0,false,"terminal_max_adaptive_depth"
R.0.0.0.0.1.1.1.0.1.1,10,terminal,0,0,0,false,"terminal_max_adaptive_depth"
R.0.0.0.0.1.1.1.1.0,9,adaptive_refinement,1,0.0063890788888383088,1,false,"accepted_unconditional_adaptive_midpoint"
R.0.0.0.0.1.1.1.1.1,9,adaptive_refinement,1,0.0065985568851936634,1,false,"accepted_unconditional_adaptive_midpoint"
R.0.0.0.0.1.1.1.1.0.0,10,terminal,0,0,0,false,"terminal_max_adaptive_depth"
R.0.0.0.0.1.1.1.1.0.1,10,terminal,0,0,0,false,"terminal_max_adaptive_depth"
R.0.0.0.0.1.0.1.0.0.1,10,terminal,0,0,0,false,"terminal_max_adaptive_depth"
R.0.0.0.0.1.0.1.0.0.0,10,terminal,0,0,0,false,"terminal_max_adaptive_depth"
R.0.0.0.0.1.1.1.1.1.1,10,terminal,0,0,0,false,"terminal_max_adaptive_depth"
R.0.0.0.0.1.1.1.1.1.0,10,terminal,0,0,0,false,"terminal_max_adaptive_depth"
R.0.0.0.1.1,5,adaptive_refinement,1,0.011730767795899846,1,false,"accepted_unconditional_adaptive_midpoint"
R.0.0.0.1.0,5,adaptive_refinement,1,0.0083791198542141759,1,false,"accepted_unconditional_adaptive_midpoint"
R.0.0.0.1.0.1,6,adaptive_refinement,1,0.0092170318396355942,1,false,"accepted_unconditional_adaptive_midpoint"
R.0.0.0.1.0.0,6,adaptive_refinement,1,0.0075412078687927576,1,false,"accepted_unconditional_adaptive_midpoint"
R.0.0.0.1.0.0.0,7,adaptive_refinement,1,0.0071222518760820485,1,false,"accepted_unconditional_adaptive_midpoint"
R.0.0.0.1.0.0.0.0,8,adaptive_refinement,1,0.0069127738797266948,1,false,"accepted_unconditional_adaptive_midpoint"
R.0.0.0.1.0.0.0.0.1,9,adaptive_refinement,1,0.0070175128779043717,1,false,"accepted_unconditional_adaptive_midpoint"
R.0.0.0.1.0.0.0.0.0,9,adaptive_refinement,1,0.0068080348815490171,1,false,"accepted_unconditional_adaptive_midpoint"
R.0.0.0.1.0.0.0.0.0.0,10,terminal,0,0,0,false,"terminal_max_adaptive_depth"
R.0.0.0.1.0.0.0.0.0.1,10,terminal,0,0,0,false,"terminal_max_adaptive_depth"
R.0.0.0.1.0.0.0.1,8,adaptive_refinement,1,0.0073317298724374031,1,false,"accepted_unconditional_adaptive_midpoint"
R.0.0.0.1.0.0.1,7,adaptive_refinement,1,0.0079601638615034668,1,false,"accepted_unconditional_adaptive_midpoint"
R.0.0.0.1.0.0.0.0.1.0,10,terminal,0,0,0,false,"terminal_max_adaptive_depth"
R.0.0.0.1.0.0.0.0.1.1,10,terminal,0,0,0,false,"terminal_max_adaptive_depth"
R.0.0.0.1.0.0.0.1.0,9,adaptive_refinement,1,0.0072269908742597262,1,false,"accepted_unconditional_adaptive_midpoint"
R.0.0.0.1.0.0.0.1.0.1,10,terminal,0,0,0,false,"terminal_max_adaptive_depth"
R.0.0.0.1.0.0.0.1.0.0,10,terminal,0,0,0,false,"terminal_max_adaptive_depth"
R.0.0.0.1.0.0.0.1.1,9,adaptive_refinement,1,0.0074364688706150799,1,false,"accepted_unconditional_adaptive_midpoint"
R.0.0.0.1.0.0.0.1.1.0,10,terminal,0,0,0,false,"terminal_max_adaptive_depth"
R.0.0.0.1.0.0.0.1.1.1,10,terminal,0,0,0,false,"terminal_max_adaptive_depth"
R.0.0.0.1.0.0.1.0,8,adaptive_refinement,1,0.0077506858651481122,1,false,"accepted_unconditional_adaptive_midpoint"
R.0.0.0.1.0.0.1.0.0,9,adaptive_refinement,1,0.0076459468669704354,1,false,"accepted_unconditional_adaptive_midpoint"
R.0.0.0.1.0.0.1.0.0.1,10,terminal,0,0,0,false,"terminal_max_adaptive_depth"
R.0.0.0.1.0.0.1.0.0.0,10,terminal,0,0,0,false,"terminal_max_adaptive_depth"
R.0.0.0.1.0.0.1.0.1,9,adaptive_refinement,1,0.0078554248633257891,1,false,"accepted_unconditional_adaptive_midpoint"
R.0.0.0.1.0.0.1.1,8,adaptive_refinement,1,0.0081696418578588205,1,false,"accepted_unconditional_adaptive_midpoint"
R.0.0.0.1.0.0.1.0.1.0,10,terminal,0,0,0,false,"terminal_max_adaptive_depth"
R.0.0.0.1.0.0.1.0.1.1,10,terminal,0,0,0,false,"terminal_max_adaptive_depth"
R.0.0.0.1.0.0.1.1.0,9,adaptive_refinement,1,0.0080649028596811445,1,false,"accepted_unconditional_adaptive_midpoint"
R.0.0.0.1.0.0.1.1.1,9,adaptive_refinement,1,0.0082743808560364982,1,false,"accepted_unconditional_adaptive_midpoint"
R.0.0.0.1.0.0.1.1.0.1,10,terminal,0,0,0,false,"terminal_max_adaptive_depth"
R.0.0.0.1.0.0.1.1.0.0,10,terminal,0,0,0,false,"terminal_max_adaptive_depth"
R.0.0.0.1.0.0.1.1.1.0,10,terminal,0,0,0,false,"terminal_max_adaptive_depth"
R.0.0.0.1.0.0.1.1.1.1,10,terminal,0,0,0,false,"terminal_max_adaptive_depth"
R.0.0.0.1.0.1.1,7,adaptive_refinement,1,0.0096359878323463016,1,false,"accepted_unconditional_adaptive_midpoint"
R.0.0.0.1.0.1.0,7,adaptive_refinement,1,0.0087980758469248851,1,false,"accepted_unconditional_adaptive_midpoint"
R.0.0.0.1.0.1.0.0,8,adaptive_refinement,1,0.0085885978505695314,1,false,"accepted_unconditional_adaptive_midpoint"
R.0.0.0.1.0.1.0.0.1,9,adaptive_refinement,1,0.0086933368487472074,1,false,"accepted_unconditional_adaptive_midpoint"
R.0.0.0.1.0.1.0.0.0,9,adaptive_refinement,1,0.0084838588523918537,1,false,"accepted_unconditional_adaptive_midpoint"
R.0.0.0.1.0.1.0.0.0.0,10,terminal,0,0,0,false,"terminal_max_adaptive_depth"
R.0.0.0.1.0.1.0.0.0.1,10,terminal,0,0,0,false,"terminal_max_adaptive_depth"
R.0.0.0.1.0.1.0.1,8,adaptive_refinement,1,0.0090075538432802388,1,false,"accepted_unconditional_adaptive_midpoint"
R.0.0.0.1.0.1.0.0.1.0,10,terminal,0,0,0,false,"terminal_max_adaptive_depth"
R.0.0.0.1.0.1.0.0.1.1,10,terminal,0,0,0,false,"terminal_max_adaptive_depth"
R.0.0.0.1.0.1.0.1.0,9,adaptive_refinement,1,0.0089028148451025628,1,false,"accepted_unconditional_adaptive_midpoint"
R.0.0.0.1.0.1.0.1.1,9,adaptive_refinement,1,0.0091122928414579165,1,false,"accepted_unconditional_adaptive_midpoint"
R.0.0.0.1.0.1.0.1.0.1,10,terminal,0,0,0,false,"terminal_max_adaptive_depth"
R.0.0.0.1.0.1.0.1.0.0,10,terminal,0,0,0,false,"terminal_max_adaptive_depth"
R.0.0.0.1.0.1.0.1.1.0,10,terminal,0,0,0,false,"terminal_max_adaptive_depth"
R.0.0.0.1.0.1.0.1.1.1,10,terminal,0,0,0,false,"terminal_max_adaptive_depth"
R.0.0.0.1.0.1.1.0,8,adaptive_refinement,1,0.0094265098359909479,1,false,"accepted_unconditional_adaptive_midpoint"
R.0.0.0.1.0.1.1.1,8,adaptive_refinement,1,0.0098454658287016571,1,false,"accepted_unconditional_adaptive_midpoint"
R.0.0.0.1.0.1.1.0.0,9,adaptive_refinement,1,0.0093217708378132702,1,false,"accepted_unconditional_adaptive_midpoint"
R.0.0.0.1.0.1.1.0.0.0,10,terminal,0,0,0,false,"terminal_max_adaptive_depth"
R.0.0.0.1.0.1.1.0.0.1,10,terminal,0,0,0,false,"terminal_max_adaptive_depth"
R.0.0.0.1.0.1.1.0.1,9,adaptive_refinement,1,0.0095312488341686256,1,false,"accepted_unconditional_adaptive_midpoint"
R.0.0.0.1.0.1.1.0.1.1,10,terminal,0,0,0,false,"terminal_max_adaptive_depth"
R.0.0.0.1.0.1.1.0.1.0,10,terminal,0,0,0,false,"terminal_max_adaptive_depth"
R.0.0.0.1.0.1.1.1.1,9,adaptive_refinement,1,0.0099502048268793331,1,false,"accepted_unconditional_adaptive_midpoint"
R.0.0.0.1.0.1.1.1.0,9,adaptive_refinement,1,0.0097407268305239793,1,false,"accepted_unconditional_adaptive_midpoint"
R.0.0.0.1.0.1.1.1.0.0,10,terminal,0,0,0,false,"terminal_max_adaptive_depth"
R.0.0.0.1.0.1.1.1.0.1,10,terminal,0,0,0,false,"terminal_max_adaptive_depth"
R.0.0.0.1.0.1.1.1.1.0,10,terminal,0,0,0,false,"terminal_max_adaptive_depth"
R.0.0.0.1.0.1.1.1.1.1,10,terminal,0,0,0,false,"terminal_max_adaptive_depth"
R.0.0.0.1.1.0,6,adaptive_refinement,1,0.010892855810478427,1,false,"accepted_unconditional_adaptive_midpoint"
R.0.0.0.1.1.0.0,7,adaptive_refinement,1,0.01047389981776772,1,false,"accepted_unconditional_adaptive_midpoint"
R.0.0.0.1.1.0.0.1,8,adaptive_refinement,1,0.010683377814123074,1,false,"accepted_unconditional_adaptive_midpoint"
R.0.0.0.1.1.0.0.0,8,adaptive_refinement,1,0.010264421821412364,1,false,"accepted_unconditional_adaptive_midpoint"
R.0.0.0.1.1.0.0.0.0,9,adaptive_refinement,1,0.010159682823234688,1,false,"accepted_unconditional_adaptive_midpoint"
R.0.0.0.1.1.0.0.0.0.1,10,terminal,0,0,0,false,"terminal_max_adaptive_depth"
R.0.0.0.1.1.0.0.0.0.0,10,terminal,0,0,0,false,"terminal_max_adaptive_depth"
R.0.0.0.1.1.0.0.0.1,9,adaptive_refinement,1,0.010369160819590042,1,false,"accepted_unconditional_adaptive_midpoint"
R.0.0.0.1.1.0.1,7,adaptive_refinement,1,0.011311811803189136,1,false,"accepted_unconditional_adaptive_midpoint"
R.0.0.0.1.1.1,6,adaptive_refinement,1,0.012568679781321264,1,false,"accepted_unconditional_adaptive_midpoint"
R.0.0.0.1.1.0.0.0.1.0,10,terminal,0,0,0,false,"terminal_max_adaptive_depth"
R.0.0.0.1.1.0.0.0.1.1,10,terminal,0,0,0,false,"terminal_max_adaptive_depth"
R.0.0.0.1.1.0.0.1.0,9,adaptive_refinement,1,0.010578638815945396,1,false,"accepted_unconditional_adaptive_midpoint"
R.0.0.0.1.1.0.0.1.0.0,10,terminal,0,0,0,false,"terminal_max_adaptive_depth"
R.0.0.0.1.1.0.0.1.0.1,10,terminal,0,0,0,false,"terminal_max_adaptive_depth"
R.0.0.0.1.1.0.0.1.1,9,adaptive_refinement,1,0.010788116812300751,1,false,"accepted_unconditional_adaptive_midpoint"
R.0.0.0.1.1.0.0.1.1.1,10,terminal,0,0,0,false,"terminal_max_adaptive_depth"
R.0.0.0.1.1.0.0.1.1.0,10,terminal,0,0,0,false,"terminal_max_adaptive_depth"
R.0.0.0.1.1.0.1.0,8,adaptive_refinement,1,0.011102333806833783,1,false,"accepted_unconditional_adaptive_midpoint"
R.0.0.0.1.1.0.1.1,8,adaptive_refinement,1,0.01152128979954449,1,false,"accepted_unconditional_adaptive_midpoint"
R.0.0.0.1.1.0.1.0.1,9,adaptive_refinement,1,0.011207072805011459,1,false,"accepted_unconditional_adaptive_midpoint"
R.0.0.0.1.1.0.1.0.0,9,adaptive_refinement,1,0.010997594808656105,1,false,"accepted_unconditional_adaptive_midpoint"
R.0.0.0.1.1.0.1.0.0.0,10,terminal,0,0,0,false,"terminal_max_adaptive_depth"
R.0.0.0.1.1.0.1.0.0.1,10,terminal,0,0,0,false,"terminal_max_adaptive_depth"
R.0.0.0.1.1.0.1.0.1.0,10,terminal,0,0,0,false,"terminal_max_adaptive_depth"
R.0.0.0.1.1.0.1.0.1.1,10,terminal,0,0,0,false,"terminal_max_adaptive_depth"
R.0.0.0.1.1.0.1.1.0,9,adaptive_refinement,1,0.011416550801366814,1,false,"accepted_unconditional_adaptive_midpoint"
R.0.0.0.1.1.0.1.1.0.1,10,terminal,0,0,0,false,"terminal_max_adaptive_depth"
R.0.0.0.1.1.0.1.1.0.0,10,terminal,0,0,0,false,"terminal_max_adaptive_depth"
R.0.0.0.1.1.0.1.1.1,9,adaptive_refinement,1,0.011626028797722168,1,false,"accepted_unconditional_adaptive_midpoint"
R.0.0.0.1.1.0.1.1.1.0,10,terminal,0,0,0,false,"terminal_max_adaptive_depth"
R.0.0.0.1.1.0.1.1.1.1,10,terminal,0,0,0,false,"terminal_max_adaptive_depth"
R.0.0.0.1.1.1.1,7,adaptive_refinement,1,0.012987635774031971,1,false,"accepted_unconditional_adaptive_midpoint"
R.0.0.0.1.1.1.0,7,adaptive_refinement,1,0.012149723788610555,1,false,"accepted_unconditional_adaptive_midpoint"
R.0.0.0.1.1.1.0.0,8,adaptive_refinement,1,0.011940245792255201,1,false,"accepted_unconditional_adaptive_midpoint"
R.0.0.0.1.1.1.0.1,8,adaptive_refinement,1,0.012359201784965908,1,false,"accepted_unconditional_adaptive_midpoint"
R.0.0.0.1.1.1.0.0.1,9,adaptive_refinement,1,0.012044984790432877,1,false,"accepted_unconditional_adaptive_midpoint"
R.0.0.0.1.1.1.0.0.0,9,adaptive_refinement,1,0.011835506794077523,1,false,"accepted_unconditional_adaptive_midpoint"
R.0.0.0.1.1.1.0.0.0.0,10,terminal,0,0,0,false,"terminal_max_adaptive_depth"
R.0.0.0.1.1.1.0.0.0.1,10,terminal,0,0,0,false,"terminal_max_adaptive_depth"
R.0.0.0.1.1.1.0.0.1.0,10,terminal,0,0,0,false,"terminal_max_adaptive_depth"
R.0.0.0.1.1.1.0.0.1.1,10,terminal,0,0,0,false,"terminal_max_adaptive_depth"
R.0.0.0.1.1.1.0.1.0,9,adaptive_refinement,1,0.012254462786788232,1,false,"accepted_unconditional_adaptive_midpoint"
R.0.0.0.1.1.1.0.1.0.1,10,terminal,0,0,0,false,"terminal_max_adaptive_depth"
R.0.0.0.1.1.1.0.1.0.0,10,terminal,0,0,0,false,"terminal_max_adaptive_depth"
R.0.0.0.1.1.1.0.1.1,9,adaptive_refinement,1,0.012463940783143586,1,false,"accepted_unconditional_adaptive_midpoint"
R.0.0.0.1.1.1.0.1.1.0,10,terminal,0,0,0,false,"terminal_max_adaptive_depth"
R.0.0.0.1.1.1.0.1.1.1,10,terminal,0,0,0,false,"terminal_max_adaptive_depth"
R.0.0.0.1.1.1.1.0,8,adaptive_refinement,1,0.012778157777676618,1,false,"accepted_unconditional_adaptive_midpoint"
R.0.0.0.1.1.1.1.0.0,9,adaptive_refinement,1,0.01267341877949894,1,false,"accepted_unconditional_adaptive_midpoint"
R.0.0.0.1.1.1.1.0.0.0,10,terminal,0,0,0,false,"terminal_max_adaptive_depth"
R.0.0.0.1.1.1.1.0.0.1,10,terminal,0,0,0,false,"terminal_max_adaptive_depth"
R.0.0.0.1.1.1.1.0.1,9,adaptive_refinement,1,0.012882896775854295,1,false,"accepted_unconditional_adaptive_midpoint"
R.0.0.0.1.1.1.1.1,8,adaptive_refinement,1,0.013197113770387327,1,false,"accepted_unconditional_adaptive_midpoint"
R.0.0.0.1.1.1.1.0.1.1,10,terminal,0,0,0,false,"terminal_max_adaptive_depth"
R.0.0.0.1.1.1.1.0.1.0,10,terminal,0,0,0,false,"terminal_max_adaptive_depth"
R.0.0.0.1.1.1.1.1.1,9,adaptive_refinement,1,0.013301852768565003,1,false,"accepted_unconditional_adaptive_midpoint"
R.0.0.0.1.1.1.1.1.0,9,adaptive_refinement,1,0.013092374772209649,1,false,"accepted_unconditional_adaptive_midpoint"
R.0.0.0.1.1.1.1.1.0.0,10,terminal,0,0,0,false,"terminal_max_adaptive_depth"
R.0.0.0.1.1.1.1.1.0.1,10,terminal,0,0,0,false,"terminal_max_adaptive_depth"
R.0.0.0.1.1.1.1.1.1.0,10,terminal,0,0,0,false,"terminal_max_adaptive_depth"
R.0.0.0.1.1.1.1.1.1.1,10,terminal,0,0,0,false,"terminal_max_adaptive_depth"
R.0.0.1.1,4,adaptive_refinement,1,0.023461535591799691,1,false,"accepted_unconditional_adaptive_midpoint"
R.0.0.1.0,4,adaptive_refinement,1,0.016758239708428352,1,false,"accepted_unconditional_adaptive_midpoint"
R.0.0.1.0.1,5,adaptive_refinement,1,0.018434063679271188,1,false,"accepted_unconditional_adaptive_midpoint"
R.0.0.1.0.0,5,adaptive_refinement,1,0.015082415737585515,1,false,"accepted_unconditional_adaptive_midpoint"
R.0.0.1.0.0.0,6,adaptive_refinement,1,0.014244503752164097,1,false,"accepted_unconditional_adaptive_midpoint"
R.0.0.1.0.0.1,6,adaptive_refinement,1,0.015920327723006934,1,false,"accepted_unconditional_adaptive_midpoint"
R.0.0.1.0.0.0.0,7,adaptive_refinement,1,0.01382554775945339,1,false,"accepted_unconditional_adaptive_midpoint"
R.0.0.1.0.0.0.0.1,8,adaptive_refinement,1,0.014035025755808743,1,false,"accepted_unconditional_adaptive_midpoint"
R.0.0.1.0.0.0.0.0,8,adaptive_refinement,1,0.013616069763098034,1,false,"accepted_unconditional_adaptive_midpoint"
R.0.0.1.0.0.0.0.0.0,9,adaptive_refinement,1,0.013511330764920358,1,false,"accepted_unconditional_adaptive_midpoint"
R.0.0.1.0.0.0.0.0.0.1,10,terminal,0,0,0,false,"terminal_max_adaptive_depth"
R.0.0.1.0.0.0.0.0.0.0,10,terminal,0,0,0,false,"terminal_max_adaptive_depth"
R.0.0.1.0.0.0.0.0.1,9,adaptive_refinement,1,0.013720808761275712,1,false,"accepted_unconditional_adaptive_midpoint"
R.0.0.1.0.0.0.1,7,adaptive_refinement,1,0.014663459744874806,1,false,"accepted_unconditional_adaptive_midpoint"
R.0.0.1.0.0.0.0.0.1.0,10,terminal,0,0,0,false,"terminal_max_adaptive_depth"
R.0.0.1.0.0.0.0.0.1.1,10,terminal,0,0,0,false,"terminal_max_adaptive_depth"
R.0.0.1.0.0.0.0.1.0,9,adaptive_refinement,1,0.013930286757631066,1,false,"accepted_unconditional_adaptive_midpoint"
R.0.0.1.0.0.0.0.1.0.0,10,terminal,0,0,0,false,"terminal_max_adaptive_depth"
R.0.0.1.0.0.0.0.1.0.1,10,terminal,0,0,0,false,"terminal_max_adaptive_depth"
R.0.0.1.0.0.0.0.1.1,9,adaptive_refinement,1,0.014139764753986421,1,false,"accepted_unconditional_adaptive_midpoint"
R.0.0.1.0.0.0.0.1.1.1,10,terminal,0,0,0,false,"terminal_max_adaptive_depth"
R.0.0.1.0.0.0.0.1.1.0,10,terminal,0,0,0,false,"terminal_max_adaptive_depth"
R.0.0.1.0.0.0.1.0,8,adaptive_refinement,1,0.014453981748519452,1,false,"accepted_unconditional_adaptive_midpoint"
R.0.0.1.0.0.0.1.0.1,9,adaptive_refinement,1,0.014558720746697128,1,false,"accepted_unconditional_adaptive_midpoint"
R.0.0.1.0.0.0.1.0.0,9,adaptive_refinement,1,0.014349242750341775,1,false,"accepted_unconditional_adaptive_midpoint"
R.0.0.1.0.0.0.1.0.0.0,10,terminal,0,0,0,false,"terminal_max_adaptive_depth"
R.0.0.1.0.0.0.1.0.0.1,10,terminal,0,0,0,false,"terminal_max_adaptive_depth"
R.0.0.1.0.0.0.1.1,8,adaptive_refinement,1,0.01487293774123016,1,false,"accepted_unconditional_adaptive_midpoint"
R.0.0.1.0.0.0.1.0.1.0,10,terminal,0,0,0,false,"terminal_max_adaptive_depth"
R.0.0.1.0.0.0.1.0.1.1,10,terminal,0,0,0,false,"terminal_max_adaptive_depth"
R.0.0.1.0.0.0.1.1.0,9,adaptive_refinement,1,0.014768198743052484,1,false,"accepted_unconditional_adaptive_midpoint"
R.0.0.1.0.0.0.1.1.0.1,10,terminal,0,0,0,false,"terminal_max_adaptive_depth"
R.0.0.1.0.0.0.1.1.0.0,10,terminal,0,0,0,false,"terminal_max_adaptive_depth"
R.0.0.1.0.0.0.1.1.1,9,adaptive_refinement,1,0.014977676739407838,1,false,"accepted_unconditional_adaptive_midpoint"
R.0.0.1.0.0.0.1.1.1.0,10,terminal,0,0,0,false,"terminal_max_adaptive_depth"
R.0.0.1.0.0.0.1.1.1.1,10,terminal,0,0,0,false,"terminal_max_adaptive_depth"
R.0.0.1.0.0.1.0,7,adaptive_refinement,1,0.015501371730296224,1,false,"accepted_unconditional_adaptive_midpoint"
R.0.0.1.0.0.1.0.0,8,adaptive_refinement,1,0.015291893733940871,1,false,"accepted_unconditional_adaptive_midpoint"
R.0.0.1.0.0.1.0.1,8,adaptive_refinement,1,0.015710849726651578,1,false,"accepted_unconditional_adaptive_midpoint"
R.0.0.1.0.0.1.1,7,adaptive_refinement,1,0.016339283715717641,1,false,"accepted_unconditional_adaptive_midpoint"
R.0.0.1.0.0.1.0.0.1,9,adaptive_refinement,1,0.015396632732118547,1,false,"accepted_unconditional_adaptive_midpoint"
R.0.0.1.0.0.1.0.0.0,9,adaptive_refinement,1,0.015187154735763193,1,false,"accepted_unconditional_adaptive_midpoint"
R.0.0.1.0.0.1.0.0.0.0,10,terminal,0,0,0,false,"terminal_max_adaptive_depth"
R.0.0.1.0.0.1.0.0.0.1,10,terminal,0,0,0,false,"terminal_max_adaptive_depth"
R.0.0.1.0.0.1.0.0.1.0,10,terminal,0,0,0,false,"terminal_max_adaptive_depth"
R.0.0.1.0.0.1.0.0.1.1,10,terminal,0,0,0,false,"terminal_max_adaptive_depth"
R.0.0.1.0.0.1.0.1.0,9,adaptive_refinement,1,0.015606110728473902,1,false,"accepted_unconditional_adaptive_midpoint"
R.0.0.1.0.0.1.0.1.0.1,10,terminal,0,0,0,false,"terminal_max_adaptive_depth"
R.0.0.1.0.0.1.0.1.0.0,10,terminal,0,0,0,false,"terminal_max_adaptive_depth"
R.0.0.1.0.0.1.0.1.1,9,adaptive_refinement,1,0.015815588724829258,1,false,"accepted_unconditional_adaptive_midpoint"
R.0.0.1.0.0.1.0.1.1.1,10,terminal,0,0,0,false,"terminal_max_adaptive_depth"
R.0.0.1.0.0.1.0.1.1.0,10,terminal,0,0,0,false,"terminal_max_adaptive_depth"
R.0.0.1.0.0.1.1.0,8,adaptive_refinement,1,0.016129805719362289,1,false,"accepted_unconditional_adaptive_midpoint"
R.0.0.1.0.0.1.1.0.1,9,adaptive_refinement,1,0.016234544717539965,1,false,"accepted_unconditional_adaptive_midpoint"
R.0.0.1.0.0.1.1.0.0,9,adaptive_refinement,1,0.01602506672118461,1,false,"accepted_unconditional_adaptive_midpoint"
R.0.0.1.0.0.1.1.1,8,adaptive_refinement,1,0.016548761712072996,1,false,"accepted_unconditional_adaptive_midpoint"
R.0.0.1.0.0.1.1.0.0.0,10,terminal,0,0,0,false,"terminal_max_adaptive_depth"
R.0.0.1.0.0.1.1.0.0.1,10,terminal,0,0,0,false,"terminal_max_adaptive_depth"
R.0.0.1.0.0.1.1.0.1.0,10,terminal,0,0,0,false,"terminal_max_adaptive_depth"
R.0.0.1.0.0.1.1.0.1.1,10,terminal,0,0,0,false,"terminal_max_adaptive_depth"
R.0.0.1.0.0.1.1.1.0,9,adaptive_refinement,1,0.01644402271389532,1,false,"accepted_unconditional_adaptive_midpoint"
R.0.0.1.0.0.1.1.1.0.1,10,terminal,0,0,0,false,"terminal_max_adaptive_depth"
R.0.0.1.0.0.1.1.1.0.0,10,terminal,0,0,0,false,"terminal_max_adaptive_depth"
R.0.0.1.0.0.1.1.1.1,9,adaptive_refinement,1,0.016653500710250672,1,false,"accepted_unconditional_adaptive_midpoint"
R.0.0.1.0.0.1.1.1.1.0,10,terminal,0,0,0,false,"terminal_max_adaptive_depth"
R.0.0.1.0.0.1.1.1.1.1,10,terminal,0,0,0,false,"terminal_max_adaptive_depth"
R.0.0.1.0.1.1,6,adaptive_refinement,1,0.019271975664692603,1,false,"accepted_unconditional_adaptive_midpoint"
R.0.0.1.0.1.0,6,adaptive_refinement,1,0.01759615169384977,1,false,"accepted_unconditional_adaptive_midpoint"
R.0.0.1.0.1.0.0,7,adaptive_refinement,1,0.017177195701139063,1,false,"accepted_unconditional_adaptive_midpoint"
R.0.0.1.0.1.0.1,7,adaptive_refinement,1,0.018015107686560478,1,false,"accepted_unconditional_adaptive_midpoint"
R.0.0.1.0.1.0.0.1,8,adaptive_refinement,1,0.017386673697494415,1,false,"accepted_unconditional_adaptive_midpoint"
R.0.0.1.0.1.0.0.0,8,adaptive_refinement,1,0.016967717704783707,1,false,"accepted_unconditional_adaptive_midpoint"
R.0.0.1.0.1.0.0.0.0,9,adaptive_refinement,1,0.016862978706606031,1,false,"accepted_unconditional_adaptive_midpoint"
R.0.0.1.0.1.0.0.0.1,9,adaptive_refinement,1,0.017072456702961383,1,false,"accepted_unconditional_adaptive_midpoint"
R.0.0.1.0.1.0.0.0.0.1,10,terminal,0,0,0,false,"terminal_max_adaptive_depth"
R.0.0.1.0.1.0.0.0.0.0,10,terminal,0,0,0,false,"terminal_max_adaptive_depth"
R.0.0.1.0.1.0.0.0.1.0,10,terminal,0,0,0,false,"terminal_max_adaptive_depth"
R.0.0.1.0.1.0.0.0.1.1,10,terminal,0,0,0,false,"terminal_max_adaptive_depth"
R.0.0.1.0.1.0.0.1.0,9,adaptive_refinement,1,0.017281934699316739,1,false,"accepted_unconditional_adaptive_midpoint"
R.0.0.1.0.1.0.0.1.1,9,adaptive_refinement,1,0.017491412695672094,1,false,"accepted_unconditional_adaptive_midpoint"
R.0.0.1.0.1.0.0.1.0.0,10,terminal,0,0,0,false,"terminal_max_adaptive_depth"
R.0.0.1.0.1.0.0.1.0.1,10,terminal,0,0,0,false,"terminal_max_adaptive_depth"
R.0.0.1.0.1.0.0.1.1.1,10,terminal,0,0,0,false,"terminal_max_adaptive_depth"
R.0.0.1.0.1.0.0.1.1.0,10,terminal,0,0,0,false,"terminal_max_adaptive_depth"
R.0.0.1.0.1.0.1.0,8,adaptive_refinement,1,0.017805629690205126,1,false,"accepted_unconditional_adaptive_midpoint"
R.0.0.1.0.1.0.1.0.1,9,adaptive_refinement,1,0.017910368688382802,1,false,"accepted_unconditional_adaptive_midpoint"
R.0.0.1.0.1.0.1.0.0,9,adaptive_refinement,1,0.017700890692027446,1,false,"accepted_unconditional_adaptive_midpoint"
R.0.0.1.0.1.0.1.0.0.0,10,terminal,0,0,0,false,"terminal_max_adaptive_depth"
R.0.0.1.0.1.0.1.0.0.1,10,terminal,0,0,0,false,"terminal_max_adaptive_depth"
R.0.0.1.0.1.0.1.1,8,adaptive_refinement,1,0.018224585682915833,1,false,"accepted_unconditional_adaptive_midpoint"
R.0.0.1.0.1.0.1.0.1.0,10,terminal,0,0,0,false,"terminal_max_adaptive_depth"
R.0.0.1.0.1.0.1.0.1.1,10,terminal,0,0,0,false,"terminal_max_adaptive_depth"
R.0.0.1.0.1.0.1.1.0,9,adaptive_refinement,1,0.018119846684738157,1,false,"accepted_unconditional_adaptive_midpoint"
R.0.0.1.0.1.0.1.1.0.1,10,terminal,0,0,0,false,"terminal_max_adaptive_depth"
R.0.0.1.0.1.0.1.1.0.0,10,terminal,0,0,0,false,"terminal_max_adaptive_depth"
R.0.0.1.0.1.0.1.1.1,9,adaptive_refinement,1,0.018329324681093509,1,false,"accepted_unconditional_adaptive_midpoint"
R.0.0.1.0.1.0.1.1.1.0,10,terminal,0,0,0,false,"terminal_max_adaptive_depth"
R.0.0.1.0.1.0.1.1.1.1,10,terminal,0,0,0,false,"terminal_max_adaptive_depth"
R.0.0.1.0.1.1.0,7,adaptive_refinement,1,0.018853019671981896,1,false,"accepted_unconditional_adaptive_midpoint"
R.0.0.1.0.1.1.1,7,adaptive_refinement,1,0.019690931657403314,1,false,"accepted_unconditional_adaptive_midpoint"
R.0.0.1.0.1.1.0.0,8,adaptive_refinement,1,0.01864354167562654,1,false,"accepted_unconditional_adaptive_midpoint"
R.0.0.1.0.1.1.0.0.0,9,adaptive_refinement,1,0.018538802677448864,1,false,"accepted_unconditional_adaptive_midpoint"
R.0.0.1.0.1.1.0.0.1,9,adaptive_refinement,1,0.01874828067380422,1,false,"accepted_unconditional_adaptive_midpoint"
R.0.0.1.0.1.1.0.1,8,adaptive_refinement,1,0.019062497668337251,1,false,"accepted_unconditional_adaptive_midpoint"
R.0.0.1.0.1.1.0.0.0.0,10,terminal,0,0,0,false,"terminal_max_adaptive_depth"
R.0.0.1.0.1.1.0.0.0.1,10,terminal,0,0,0,false,"terminal_max_adaptive_depth"
R.0.0.1.0.1.1.0.0.1.1,10,terminal,0,0,0,false,"terminal_max_adaptive_depth"
R.0.0.1.0.1.1.0.0.1.0,10,terminal,0,0,0,false,"terminal_max_adaptive_depth"
R.0.0.1.0.1.1.0.1.1,9,adaptive_refinement,1,0.019167236666514927,1,false,"accepted_unconditional_adaptive_midpoint"
R.0.0.1.0.1.1.0.1.0,9,adaptive_refinement,1,0.018957758670159572,1,false,"accepted_unconditional_adaptive_midpoint"
R.0.0.1.0.1.1.0.1.0.0,10,terminal,0,0,0,false,"terminal_max_adaptive_depth"
R.0.0.1.0.1.1.0.1.0.1,10,terminal,0,0,0,false,"terminal_max_adaptive_depth"
R.0.0.1.0.1.1.0.1.1.0,10,terminal,0,0,0,false,"terminal_max_adaptive_depth"
R.0.0.1.0.1.1.0.1.1.1,10,terminal,0,0,0,false,"terminal_max_adaptive_depth"
R.0.0.1.0.1.1.1.1,8,adaptive_refinement,1,0.019900409653758666,1,false,"accepted_unconditional_adaptive_midpoint"
R.0.0.1.0.1.1.1.0,8,adaptive_refinement,1,0.019481453661047959,1,false,"accepted_unconditional_adaptive_midpoint"
R.0.0.1.0.1.1.1.0.0,9,adaptive_refinement,1,0.019376714662870283,1,false,"accepted_unconditional_adaptive_midpoint"
R.0.0.1.0.1.1.1.0.0.1,10,terminal,0,0,0,false,"terminal_max_adaptive_depth"
R.0.0.1.0.1.1.1.0.0.0,10,terminal,0,0,0,false,"terminal_max_adaptive_depth"
R.0.0.1.0.1.1.1.0.1,9,adaptive_refinement,1,0.019586192659225635,1,false,"accepted_unconditional_adaptive_midpoint"
R.0.0.1.0.1.1.1.0.1.0,10,terminal,0,0,0,false,"terminal_max_adaptive_depth"
R.0.0.1.0.1.1.1.0.1.1,10,terminal,0,0,0,false,"terminal_max_adaptive_depth"
R.0.0.1.0.1.1.1.1.0,9,adaptive_refinement,1,0.01979567065558099,1,false,"accepted_unconditional_adaptive_midpoint"
R.0.0.1.0.1.1.1.1.0.0,10,terminal,0,0,0,false,"terminal_max_adaptive_depth"
R.0.0.1.0.1.1.1.1.0.1,10,terminal,0,0,0,false,"terminal_max_adaptive_depth"
R.0.0.1.0.1.1.1.1.1,9,adaptive_refinement,1,0.020005148651936346,1,false,"accepted_unconditional_adaptive_midpoint"
R.0.0.1.0.1.1.1.1.1.1,10,terminal,0,0,0,false,"terminal_max_adaptive_depth"
R.0.0.1.0.1.1.1.1.1.0,10,terminal,0,0,0,false,"terminal_max_adaptive_depth"
R.0.0.1.1.0,5,adaptive_refinement,1,0.021785711620956855,1,false,"accepted_unconditional_adaptive_midpoint"
R.0.0.1.1.0.0,6,adaptive_refinement,1,0.02094779963553544,1,false,"accepted_unconditional_adaptive_midpoint"
R.0.0.1.1.0.1,6,adaptive_refinement,1,0.022623623606378273,1,false,"accepted_unconditional_adaptive_midpoint"
R.0.0.1.1.1,5,adaptive_refinement,1,0.025137359562642528,1,false,"accepted_unconditional_adaptive_midpoint"
R.0.0.1.1.0.0.1,7,adaptive_refinement,1,0.021366755628246147,1,false,"accepted_unconditional_adaptive_midpoint"
R.0.0.1.1.0.0.0,7,adaptive_refinement,1,0.020528843642824729,1,false,"accepted_unconditional_adaptive_midpoint"
R.0.0.1.1.0.0.0.0,8,adaptive_refinement,1,0.020319365646469377,1,false,"accepted_unconditional_adaptive_midpoint"
R.0.0.1.1.0.0.0.1,8,adaptive_refinement,1,0.020738321639180084,1,false,"accepted_unconditional_adaptive_midpoint"
R.0.0.1.1.0.0.0.0.1,9,adaptive_refinement,1,0.020424104644647053,1,false,"accepted_unconditional_adaptive_midpoint"
R.0.0.1.1.0.0.0.0.0,9,adaptive_refinement,1,0.020214626648291698,1,false,"accepted_unconditional_adaptive_midpoint"
R.0.0.1.1.0.0.0.0.0.0,10,terminal,0,0,0,false,"terminal_max_adaptive_depth"
R.0.0.1.1.0.0.0.0.0.1,10,terminal,0,0,0,false,"terminal_max_adaptive_depth"
R.0.0.1.1.0.0.0.0.1.0,10,terminal,0,0,0,false,"terminal_max_adaptive_depth"
R.0.0.1.1.0.0.0.0.1.1,10,terminal,0,0,0,false,"terminal_max_adaptive_depth"
R.0.0.1.1.0.0.0.1.0,9,adaptive_refinement,1,0.020633582641002408,1,false,"accepted_unconditional_adaptive_midpoint"
R.0.0.1.1.0.0.0.1.0.1,10,terminal,0,0,0,false,"terminal_max_adaptive_depth"
R.0.0.1.1.0.0.0.1.0.0,10,terminal,0,0,0,false,"terminal_max_adaptive_depth"
R.0.0.1.1.0.0.0.1.1,9,adaptive_refinement,1,0.02084306063735776,1,false,"accepted_unconditional_adaptive_midpoint"
R.0.0.1.1.0.0.0.1.1.0,10,terminal,0,0,0,false,"terminal_max_adaptive_depth"
R.0.0.1.1.0.0.0.1.1.1,10,terminal,0,0,0,false,"terminal_max_adaptive_depth"
R.0.0.1.1.0.0.1.0,8,adaptive_refinement,1,0.021157277631890792,1,false,"accepted_unconditional_adaptive_midpoint"
R.0.0.1.1.0.0.1.1,8,adaptive_refinement,1,0.021576233624601503,1,false,"accepted_unconditional_adaptive_midpoint"
R.0.0.1.1.0.0.1.0.0,9,adaptive_refinement,1,0.021052538633713116,1,false,"accepted_unconditional_adaptive_midpoint"
R.0.0.1.1.0.0.1.0.1,9,adaptive_refinement,1,0.021262016630068471,1,false,"accepted_unconditional_adaptive_midpoint"
R.0.0.1.1.0.0.1.0.0.0,10,terminal,0,0,0,false,"terminal_max_adaptive_depth"
R.0.0.1.1.0.0.1.0.0.1,10,terminal,0,0,0,false,"terminal_max_adaptive_depth"
R.0.0.1.1.0.0.1.0.1.1,10,terminal,0,0,0,false,"terminal_max_adaptive_depth"
R.0.0.1.1.0.0.1.0.1.0,10,terminal,0,0,0,false,"terminal_max_adaptive_depth"
R.0.0.1.1.0.0.1.1.1,9,adaptive_refinement,1,0.021680972622779179,1,false,"accepted_unconditional_adaptive_midpoint"
R.0.0.1.1.0.0.1.1.0,9,adaptive_refinement,1,0.021471494626423823,1,false,"accepted_unconditional_adaptive_midpoint"
R.0.0.1.1.0.0.1.1.0.0,10,terminal,0,0,0,false,"terminal_max_adaptive_depth"
R.0.0.1.1.0.0.1.1.0.1,10,terminal,0,0,0,false,"terminal_max_adaptive_depth"
R.0.0.1.1.0.0.1.1.1.0,10,terminal,0,0,0,false,"terminal_max_adaptive_depth"
R.0.0.1.1.0.0.1.1.1.1,10,terminal,0,0,0,false,"terminal_max_adaptive_depth"
R.0.0.1.1.0.1.0,7,adaptive_refinement,1,0.022204667613667566,1,false,"accepted_unconditional_adaptive_midpoint"
R.0.0.1.1.0.1.0.1,8,adaptive_refinement,1,0.022414145610022917,1,false,"accepted_unconditional_adaptive_midpoint"
R.0.0.1.1.0.1.0.0,8,adaptive_refinement,1,0.02199518961731221,1,false,"accepted_unconditional_adaptive_midpoint"
R.0.0.1.1.0.1.0.0.0,9,adaptive_refinement,1,0.021890450619134534,1,false,"accepted_unconditional_adaptive_midpoint"
R.0.0.1.1.0.1.0.0.0.1,10,terminal,0,0,0,false,"terminal_max_adaptive_depth"
R.0.0.1.1.0.1.0.0.0.0,10,terminal,0,0,0,false,"terminal_max_adaptive_depth"
R.0.0.1.1.0.1.0.0.1,9,adaptive_refinement,1,0.022099928615489886,1,false,"accepted_unconditional_adaptive_midpoint"
R.0.0.1.1.0.1.1,7,adaptive_refinement,1,0.02304257959908898,1,false,"accepted_unconditional_adaptive_midpoint"
R.0.0.1.1.0.1.0.0.1.0,10,terminal,0,0,0,false,"terminal_max_adaptive_depth"
R.0.0.1.1.0.1.0.0.1.1,10,terminal,0,0,0,false,"terminal_max_adaptive_depth"
R.0.0.1.1.0.1.0.1.0,9,adaptive_refinement,1,0.022309406611845242,1,false,"accepted_unconditional_adaptive_midpoint"
R.0.0.1.1.0.1.0.1.1,9,adaptive_refinement,1,0.022518884608200597,1,false,"accepted_unconditional_adaptive_midpoint"
R.0.0.1.1.0.1.0.1.0.0,10,terminal,0,0,0,false,"terminal_max_adaptive_depth"
R.0.0.1.1.0.1.0.1.0.1,10,terminal,0,0,0,false,"terminal_max_adaptive_depth"
R.0.0.1.1.0.1.0.1.1.1,10,terminal,0,0,0,false,"terminal_max_adaptive_depth"
R.0.0.1.1.0.1.0.1.1.0,10,terminal,0,0,0,false,"terminal_max_adaptive_depth"
