row,json,method,status,algorithm_preset,tailored_bc_enabled,tailored_bc_mode,tailored_bc_callback_available,tailored_bc_callback_fail_reason,tailored_bc_source_class,tailored_bc_user_cuts_added_total,tailored_bc_user_cuts_added_by_family,tailored_bc_relaxation_callback_calls,tailored_bc_candidate_callback_calls,tailored_bc_branch_callback_calls,tailored_bc_progress_callback_calls,tailored_bc_gini_branch_mode,tailored_bc_gini_branches_created,tailored_bc_branch_priority_enabled,tailored_bc_lazy_rejections_total,tailored_bc_lazy_rejections_by_reason,tailored_bc_candidate_projection_checks,tailored_bc_candidate_projection_verified,tailored_bc_candidate_projection_rejections,tailored_bc_candidate_projection_unsupported_mismatches,tailored_bc_candidate_projection_rejection_reasons,tailored_bc_candidate_projection_max_gini_underestimate,tailored_bc_candidate_projection_max_objective_underestimate,tailored_bc_candidate_route_projection_checks,tailored_bc_candidate_route_projection_verified,tailored_bc_candidate_route_projection_rejections,tailored_bc_candidate_route_projection_unsupported_mismatches,tailored_bc_candidate_route_projection_rejection_reasons,tailored_bc_gini_subset_envelope_candidates,tailored_bc_gini_subset_envelope_violations,tailored_bc_gini_subset_envelope_cuts_added,tailored_bc_transfer_cutset_cuts_added,tailored_bc_transfer_cutset_candidates,tailored_bc_transfer_cutset_violations,tailored_bc_support_duration_pair_cuts_added,tailored_bc_support_duration_pair_candidates,tailored_bc_support_duration_pair_violations,tailored_bc_support_duration_triple_cuts_added,tailored_bc_support_duration_triple_candidates,tailored_bc_support_duration_triple_violations,tailored_bc_branching_priorities_summary,certified_original_problem,audit_returncode,runtime_seconds,timeout,lower_bound,upper_bound,gap,interval_exact_cutoff_gamma_L,interval_exact_cutoff_gamma_U,compact_bc_solver_status,compact_bc_best_bound,compact_bc_nodes,compact_bc_time_seconds,compact_bc_bound_valid,generated_diagnostic,instance,parent_row,method_scope,diagnostic_only
tailored-bc-callback-smoke-test,results\gf_tailored_bc_callback_round\raw\tailored-bc-callback-smoke-test.json,tailored-bc-callback-smoke-test,diagnostic_passed,paper-gf-tailored-bc,True,callback,True,none,tailored_bc_assisted_noncertified,0,,0,0,0,0,off,0,True,0,,0,0,0,0,,0,0,0,0,0,0,,0,0,0,0,0,0,0,0,0,0,0,0,mode=adaptive;gini_branch=off;priorities=0;reason=interval_below_min_width,False,0,0.001,False,0,0.49,1,0,0,,0,0,0,False,,,,,
tailored-bc-branch-callback-smoke-test,results\gf_tailored_bc_callback_round\raw\tailored-bc-branch-callback-smoke-test.json,tailored-bc-branch-callback-smoke-test,diagnostic_passed,paper-gf-tailored-bc,True,callback,True,none,tailored_bc_assisted_noncertified,1,callback_gini_interval_cap=1;callback_visit_inventory_linking=0;callback_gini_subset_envelope=0;callback_low_gini_l1_centering=0,12145,9,6053,3,branch_callback,2,True,0,candidate_gini_interval_violation=0;candidate_visit_inventory_violation=0;candidate_gini_subset_envelope_violation=0;candidate_low_gini_l1_violation=0,0,0,0,0,ratio=0;penalty=0;objective=0,0,0,0,0,0,0,flow=0;station=0;service=0;duration=0;inventory=0;load_unsupported=0,0,0,0,0,0,0,0,0,0,0,0,0,mode=adaptive;gini_branch=branch_callback;cplex_priorities=90;priority_status=applied;branch_callback_calls=6053;gini_branches_created=2,False,0,0.391,False,0,0.49,1,0,0,,0,0,0,False,,,,,
tailored-bc-cut-validity-test,results\gf_tailored_bc_callback_round\raw\tailored-bc-cut-validity-test.json,tailored-bc-cut-validity-test,diagnostic_passed,paper-gf-tailored-bc,True,callback,True,none,tailored_bc_assisted_noncertified,0,,0,0,0,0,off,0,True,0,,0,0,0,0,,0,0,0,0,0,0,,0,0,0,0,0,0,0,0,0,0,0,0,mode=adaptive;gini_branch=off;priorities=0;reason=interval_below_min_width,False,0,0.001,False,0,0.49,1,0,0,,0,0,0,False,,,,,
gini-subset-envelope-test,results\gf_tailored_bc_callback_round\raw\gini-subset-envelope-test.json,gini-subset-envelope-test,diagnostic_passed,paper-gf-tailored-bc,True,callback,True,none,tailored_bc_assisted_noncertified,2,gini_subset_envelope=2,0,0,0,0,off,0,True,0,,0,0,0,0,,0,0,0,0,0,0,,4,0,2,0,0,0,0,0,0,0,0,0,mode=adaptive;gini_branch=off;priorities=0;reason=interval_below_min_width,False,0,0.001,False,0,0.49,1,0,0,,0,0,0,False,,,,,
low-gini-l1-centering-test,results\gf_tailored_bc_callback_round\raw\low-gini-l1-centering-test.json,low-gini-l1-centering-test,diagnostic_passed,paper-gf-tailored-bc,True,callback,True,none,tailored_bc_assisted_noncertified,9,low_gini_l1_centering=9,0,0,0,0,off,0,True,0,,0,0,0,0,,0,0,0,0,0,0,,0,0,0,0,0,0,0,0,0,0,0,0,mode=adaptive;gini_branch=off;priorities=0;reason=interval_below_min_width,False,0,0.001,False,0,0.49,1,0,0,,0,0,0,False,,,,,
transfer-cutset-validity-test,results\gf_tailored_bc_callback_round\raw\transfer-cutset-validity-test.json,transfer-cutset-validity-test,diagnostic_passed,paper-gf-tailored-bc,True,callback,True,none,tailored_bc_assisted_noncertified,1,vehicle_transfer_cutset=1,0,0,0,0,off,0,True,0,,0,0,0,0,,0,0,0,0,0,0,,0,0,0,1,0,0,0,0,0,0,0,0,mode=adaptive;gini_branch=off;priorities=0;reason=interval_below_min_width,False,0,0.001,False,0,0.49,1,0,0,,0,0,0,False,,,,,
s-bucket-coverage-test,results\gf_tailored_bc_callback_round\raw\s-bucket-coverage-test.json,s-bucket-coverage-test,diagnostic_passed,paper-gf-tailored-bc,True,callback,True,none,tailored_bc_assisted_noncertified,0,,0,0,0,0,off,0,True,0,,0,0,0,0,,0,0,0,0,0,0,,0,0,0,0,0,0,0,0,0,0,0,0,mode=adaptive;gini_branch=off;priorities=0;reason=interval_below_min_width,False,0,0.001,False,0,0.49,1,0,0,,0,0,0,False,,,,,
smoke_paper_gf_tailored_bc_20s,results\gf_tailored_bc_callback_round\raw\smoke_paper_gf_tailored_bc_20s.json,gcap-frontier,optimal,paper-gf-tailored-bc,True,callback,True,none: cplex2211.dll loaded dynamically and generic callback symbols are available,relaxation_only,0,,0,0,0,0,off,0,False,0,,0,0,0,0,,0,0,0,0,0,0,,0,0,0,0,0,0,0,0,0,0,0,0,,True,0,0.883,False,0,0,0,0,0,,0,0,0,False,,,,,
interval_callback_smoke,results\gf_tailored_bc_callback_round\raw\interval_callback_smoke.json,interval-cutoff-oracle,interval_feasible_improving_ub,paper-gf-tailored-bc,True,callback,True,none,tailored_bc_assisted_noncertified,76,gini_subset_envelope=28;low_gini_l1_centering=9;subset_inventory_imbalance=28;transfer_cutset=10;callback_gini_interval_cap=1;callback_visit_inventory_linking=0;callback_gini_subset_envelope=0;callback_low_gini_l1_centering=0;callback_transfer_cutset=0;callback_support_duration_pair=0;callback_support_duration_triple=0,5,1,0,3,branch_callback,0,True,0,none,1,1,0,0,ratio=0;penalty=0;objective=0,0,0,1,1,0,0,flow=0;station=0;service=0;duration=0;inventory=0;load_unsupported=0,114,0,28,10,14,0,0,6,0,0,4,0,mode=adaptive;gini_branch=branch_callback;priorities=1;reason=auto_prefers_callback_branching_when_callbacks_available;cplex_copyorder_status=applied;cplex_priorities_applied=24,False,0,0.097,False,0,0,0,0,1,integer optimal solution,0,1,0.0969992,True,,,,,
interval_callback_separator_diagnostic,results\gf_tailored_bc_callback_round\raw\interval_callback_separator_diagnostic.json,interval-cutoff-oracle,interval_feasible_improving_ub,custom,True,callback,True,none,tailored_bc_assisted_noncertified,1,gini_subset_envelope=0;low_gini_l1_centering=0;subset_inventory_imbalance=0;transfer_cutset=0;callback_gini_interval_cap=1;callback_visit_inventory_linking=0;callback_gini_subset_envelope=0;callback_low_gini_l1_centering=0;callback_transfer_cutset=0;callback_support_duration_pair=0;callback_support_duration_triple=0,2,1,0,1,branch_callback,0,True,0,none,1,1,0,0,ratio=0;penalty=0;objective=0,0,0,1,1,0,0,flow=0;station=0;service=0;duration=0;inventory=0;load_unsupported=0,40,0,0,0,14,0,0,6,0,0,4,0,mode=adaptive;gini_branch=branch_callback;priorities=1;reason=auto_prefers_callback_branching_when_callbacks_available;cplex_copyorder_status=applied;cplex_priorities_applied=24,False,0,0.018,False,0,0,0,0,1,integer optimal solution,0,0,0.01789,True,,,,,
moderate_seed3301_low_gini1_callback_guarded,results\gf_tailored_bc_callback_round\raw\moderate_seed3301_low_gini1_callback_guarded.json,interval-cutoff-oracle,diagnostic_timeout,paper-gf-tailored-bc,True,callback,True,diagnostic_outer_timeout,compact_bc_leaf_diagnostic,0,none,0,0,0,0,selector_binary,0,True,0,none,,,,,,,,,,,,,0,0,0,,,,,,,,,,diagnostic_timeout_before_solver_final_json,False,0,0.0,False,0.0,0.0491525526647,1.0,0.0122881381662,0.0245762763324,,,,,,,,,,
moderate_seed3301_low_gini1_callback_minimal_short3,results\gf_tailored_bc_callback_round\raw\moderate_seed3301_low_gini1_callback_minimal_short3.json,interval-cutoff-oracle,interval_unresolved_timeout,custom,True,callback,True,none,compact_bc_leaf_diagnostic,1,gini_subset_envelope=0;low_gini_l1_centering=0;subset_inventory_imbalance=0;transfer_cutset=0;callback_gini_interval_cap=1;callback_visit_inventory_linking=0;callback_gini_subset_envelope=0;callback_low_gini_l1_centering=0;callback_transfer_cutset=0;callback_support_duration_pair=0;callback_support_duration_triple=0,157,0,76,2,branch_callback,2,True,0,none,0,0,0,0,ratio=0;penalty=0;objective=0,0,0,0,0,0,0,flow=0;station=0;service=0;duration=0;inventory=0;load_unsupported=0,65940,0,0,0,4050,0,0,109,0,0,260,0,mode=adaptive;gini_branch=branch_callback;priorities=1;reason=auto_prefers_callback_branching_when_callbacks_available;cplex_copyorder_status=applied;cplex_priorities_applied=233,False,0,3.093,False,0.042859538981,0.0491525526647,0.128030251585,0.0122881381662,0.0245762763324,"time limit exceeded, no integer solution",0.042859538981,99,3.0929791,True,,,,,
moderate_seed3301_low_gini1_callback_gini_off_short3,results\gf_tailored_bc_callback_round\raw\moderate_seed3301_low_gini1_callback_gini_off_short3.json,interval-cutoff-oracle,interval_unresolved_timeout,custom,True,callback,True,none,compact_bc_leaf_diagnostic,1,gini_subset_envelope=0;low_gini_l1_centering=0;subset_inventory_imbalance=0;transfer_cutset=0;callback_gini_interval_cap=1;callback_visit_inventory_linking=0;callback_gini_subset_envelope=0;callback_low_gini_l1_centering=0;callback_transfer_cutset=0;callback_support_duration_pair=0;callback_support_duration_triple=0,150,0,73,4,off,0,True,0,none,0,0,0,0,ratio=0;penalty=0;objective=0,0,0,0,0,0,0,flow=0;station=0;service=0;duration=0;inventory=0;load_unsupported=0,63000,0,0,0,4050,0,0,147,0,0,424,0,mode=adaptive;gini_branch=off;priorities=0;reason=disabled;cplex_copyorder_status=applied;cplex_priorities_applied=233,False,0,3.091,False,0.0433045292752,0.0491525526647,0.118977002668,0.0122881381662,0.0245762763324,"time limit exceeded, no integer solution",0.0433045292752,105,3.0907045,True,,,,,
moderate_seed3301_low_gini1_callback_gini_selector_short3,results\gf_tailored_bc_callback_round\raw\moderate_seed3301_low_gini1_callback_gini_selector_short3.json,interval-cutoff-oracle,interval_unresolved_timeout,custom,True,callback,True,none,compact_bc_leaf_diagnostic,1,gini_subset_envelope=0;low_gini_l1_centering=0;subset_inventory_imbalance=0;transfer_cutset=0;callback_gini_interval_cap=1;callback_visit_inventory_linking=0;callback_gini_subset_envelope=0;callback_low_gini_l1_centering=0;callback_transfer_cutset=0;callback_support_duration_pair=0;callback_support_duration_triple=0,144,0,70,4,selector_binary,0,True,0,none,0,0,0,0,ratio=0;penalty=0;objective=0,0,0,0,0,0,0,flow=0;station=0;service=0;duration=0;inventory=0;load_unsupported=0,60480,0,0,0,4050,0,0,147,0,0,424,0,mode=adaptive;gini_branch=selector_binary;priorities=1;reason=selector_binary_requested;cplex_copyorder_status=applied;cplex_priorities_applied=233,False,0,3.092,False,0.0431797820135,0.0491525526647,0.121514963668,0.0122881381662,0.0245762763324,"time limit exceeded, no integer solution",0.0431797820135,102,3.0924481,True,,,,,
moderate_seed3301_low_gini2_callback_gini_off_short3,results\gf_tailored_bc_callback_round\raw\moderate_seed3301_low_gini2_callback_gini_off_short3.json,interval-cutoff-oracle,interval_unresolved_timeout,custom,True,callback,True,none,compact_bc_leaf_diagnostic,1,gini_subset_envelope=0;low_gini_l1_centering=0;subset_inventory_imbalance=0;transfer_cutset=0;callback_gini_interval_cap=1;callback_visit_inventory_linking=0;callback_gini_subset_envelope=0;callback_low_gini_l1_centering=0;callback_transfer_cutset=0;callback_support_duration_pair=0;callback_support_duration_triple=0,30,0,13,4,off,0,True,0,none,0,0,0,0,ratio=0;penalty=0;objective=0,0,0,0,0,0,0,flow=0;station=0;service=0;duration=0;inventory=0;load_unsupported=0,12600,0,0,0,4050,0,0,156,0,0,460,0,mode=adaptive;gini_branch=off;priorities=0;reason=disabled;cplex_copyorder_status=applied;cplex_priorities_applied=233,False,0,3.091,False,0.0479629854635,0.0491525526647,0.0242015345439,0.0245762763324,0.0368644144986,"time limit exceeded, no integer solution",0.0479629854635,26,3.0910369,True,,,,,
moderate_seed3301_low_gini2_callback_gini_auto_short3,results\gf_tailored_bc_callback_round\raw\moderate_seed3301_low_gini2_callback_gini_auto_short3.json,interval-cutoff-oracle,interval_unresolved_timeout,custom,True,callback,True,none,compact_bc_leaf_diagnostic,1,gini_subset_envelope=0;low_gini_l1_centering=0;subset_inventory_imbalance=0;transfer_cutset=0;callback_gini_interval_cap=1;callback_visit_inventory_linking=0;callback_gini_subset_envelope=0;callback_low_gini_l1_centering=0;callback_transfer_cutset=0;callback_support_duration_pair=0;callback_support_duration_triple=0,117,0,55,2,branch_callback,2,True,0,none,0,0,0,0,ratio=0;penalty=0;objective=0,0,0,0,0,0,0,flow=0;station=0;service=0;duration=0;inventory=0;load_unsupported=0,49140,0,0,0,4050,0,0,109,0,0,260,0,mode=adaptive;gini_branch=branch_callback;priorities=1;reason=auto_prefers_callback_branching_when_callbacks_available;cplex_copyorder_status=applied;cplex_priorities_applied=233,False,0,3.091,False,0.0479795501726,0.0491525526647,0.0238645284631,0.0245762763324,0.0368644144986,"time limit exceeded, no integer solution",0.0479795501726,81,3.0913241,True,,,,,
moderate_seed3301_low_gini2_callback_gini_selector_short3,results\gf_tailored_bc_callback_round\raw\moderate_seed3301_low_gini2_callback_gini_selector_short3.json,interval-cutoff-oracle,interval_unresolved_timeout,custom,True,callback,True,none,compact_bc_leaf_diagnostic,1,gini_subset_envelope=0;low_gini_l1_centering=0;subset_inventory_imbalance=0;transfer_cutset=0;callback_gini_interval_cap=1;callback_visit_inventory_linking=0;callback_gini_subset_envelope=0;callback_low_gini_l1_centering=0;callback_transfer_cutset=0;callback_support_duration_pair=0;callback_support_duration_triple=0,30,0,13,4,selector_binary,0,True,0,none,0,0,0,0,ratio=0;penalty=0;objective=0,0,0,0,0,0,0,flow=0;station=0;service=0;duration=0;inventory=0;load_unsupported=0,12600,0,0,0,4050,0,0,156,0,0,460,0,mode=adaptive;gini_branch=selector_binary;priorities=1;reason=selector_binary_requested;cplex_copyorder_status=applied;cplex_priorities_applied=233,False,0,3.094,False,0.0479629854635,0.0491525526647,0.0242015345439,0.0245762763324,0.0368644144986,"time limit exceeded, no integer solution",0.0479629854635,25,3.0941785,True,,,,,
moderate_seed3301_low_gini2_callback_gini_off_60s,results\gf_tailored_bc_callback_round\raw\moderate_seed3301_low_gini2_callback_gini_off_60s.json,interval-cutoff-oracle,interval_unresolved_timeout,custom,True,callback,True,none,compact_bc_leaf_diagnostic,1,gini_subset_envelope=0;low_gini_l1_centering=0;subset_inventory_imbalance=0;transfer_cutset=0;callback_gini_interval_cap=1;callback_visit_inventory_linking=0;callback_gini_subset_envelope=0;callback_low_gini_l1_centering=0;callback_transfer_cutset=0;callback_support_duration_pair=0;callback_support_duration_triple=0,4240,0,2064,10,off,0,True,0,none,0,0,0,0,ratio=0;penalty=0;objective=0,0,0,0,0,0,0,flow=0;station=0;service=0;duration=0;inventory=0;load_unsupported=0,1780800,0,0,0,4050,0,0,156,0,0,460,0,mode=adaptive;gini_branch=off;priorities=0;reason=disabled;cplex_copyorder_status=applied;cplex_priorities_applied=233,False,0,60.1,False,0.0489209015481,0.0491525526647,0.00471290104119,0.0245762763324,0.0368644144986,"time limit exceeded, no integer solution",0.0489209015481,3437,60.0995668,True,,,,,
moderate_seed3301_low_gini2_callback_gini_auto_60s,results\gf_tailored_bc_callback_round\raw\moderate_seed3301_low_gini2_callback_gini_auto_60s.json,interval-cutoff-oracle,interval_unresolved_timeout,custom,True,callback,True,none,compact_bc_leaf_diagnostic,1,gini_subset_envelope=0;low_gini_l1_centering=0;subset_inventory_imbalance=0;transfer_cutset=0;callback_gini_interval_cap=1;callback_visit_inventory_linking=0;callback_gini_subset_envelope=0;callback_low_gini_l1_centering=0;callback_transfer_cutset=0;callback_support_duration_pair=0;callback_support_duration_triple=0,5028,0,2371,2,branch_callback,2,True,0,none,0,0,0,0,ratio=0;penalty=0;objective=0,0,0,0,0,0,0,flow=0;station=0;service=0;duration=0;inventory=0;load_unsupported=0,2111760,0,0,0,4050,0,0,109,0,0,260,0,mode=adaptive;gini_branch=branch_callback;priorities=1;reason=auto_prefers_callback_branching_when_callbacks_available;cplex_copyorder_status=applied;cplex_priorities_applied=233,False,0,60.09,False,0.0489209015481,0.0491525526647,0.00471290104112,0.0245762763324,0.0368644144986,"time limit exceeded, no integer solution",0.0489209015481,4051,60.0902367,True,,,,,
moderate_seed3301_low_gini2_callback_gini_selector_60s,results\gf_tailored_bc_callback_round\raw\moderate_seed3301_low_gini2_callback_gini_selector_60s.json,interval-cutoff-oracle,interval_unresolved_timeout,custom,True,callback,True,none,compact_bc_leaf_diagnostic,1,gini_subset_envelope=0;low_gini_l1_centering=0;subset_inventory_imbalance=0;transfer_cutset=0;callback_gini_interval_cap=1;callback_visit_inventory_linking=0;callback_gini_subset_envelope=0;callback_low_gini_l1_centering=0;callback_transfer_cutset=0;callback_support_duration_pair=0;callback_support_duration_triple=0,4240,0,2064,10,selector_binary,0,True,0,none,0,0,0,0,ratio=0;penalty=0;objective=0,0,0,0,0,0,0,flow=0;station=0;service=0;duration=0;inventory=0;load_unsupported=0,1780800,0,0,0,4050,0,0,156,0,0,460,0,mode=adaptive;gini_branch=selector_binary;priorities=1;reason=selector_binary_requested;cplex_copyorder_status=applied;cplex_priorities_applied=233,False,0,60.091,False,0.0489209015481,0.0491525526647,0.00471290104119,0.0245762763324,0.0368644144986,"time limit exceeded, no integer solution",0.0489209015481,3437,60.0907713,True,,,,,
moderate_seed3301_low_gini1_callback_gini_auto_60s,results\gf_tailored_bc_callback_round\raw\moderate_seed3301_low_gini1_callback_gini_auto_60s.json,interval-cutoff-oracle,interval_unresolved_timeout,custom,True,callback,True,none,compact_bc_leaf_diagnostic,1,gini_subset_envelope=0;low_gini_l1_centering=0;subset_inventory_imbalance=0;transfer_cutset=0;callback_gini_interval_cap=1;callback_visit_inventory_linking=0;callback_gini_subset_envelope=0;callback_low_gini_l1_centering=0;callback_transfer_cutset=0;callback_support_duration_pair=0;callback_support_duration_triple=0,9510,0,4688,2,branch_callback,2,True,0,none,0,0,0,0,ratio=0;penalty=0;objective=0,0,0,0,0,0,0,flow=0;station=0;service=0;duration=0;inventory=0;load_unsupported=0,3994200,0,0,0,4050,0,0,109,0,0,260,0,mode=adaptive;gini_branch=branch_callback;priorities=1;reason=auto_prefers_callback_branching_when_callbacks_available;cplex_copyorder_status=applied;cplex_priorities_applied=233,False,0,60.088,False,0.0471644619378,0.0491525526647,0.0404473545953,0.0122881381662,0.0245762763324,"time limit exceeded, no integer solution",0.0471644619378,6621,60.0876033,True,,,,,
moderate_seed3301_low_gini1_callback_gini_selector_60s,results\gf_tailored_bc_callback_round\raw\moderate_seed3301_low_gini1_callback_gini_selector_60s.json,interval-cutoff-oracle,interval_unresolved_timeout,custom,True,callback,True,none,compact_bc_leaf_diagnostic,1,gini_subset_envelope=0;low_gini_l1_centering=0;subset_inventory_imbalance=0;transfer_cutset=0;callback_gini_interval_cap=1;callback_visit_inventory_linking=0;callback_gini_subset_envelope=0;callback_low_gini_l1_centering=0;callback_transfer_cutset=0;callback_support_duration_pair=0;callback_support_duration_triple=0,3928,0,1934,8,selector_binary,0,True,0,none,0,0,0,0,ratio=0;penalty=0;objective=0,0,0,0,0,0,0,flow=0;station=0;service=0;duration=0;inventory=0;load_unsupported=0,1649760,0,0,0,4050,0,0,147,0,0,424,0,mode=adaptive;gini_branch=selector_binary;priorities=1;reason=selector_binary_requested;cplex_copyorder_status=applied;cplex_priorities_applied=233,False,0,60.095,False,0.0450833900626,0.0491525526647,0.082786394225,0.0122881381662,0.0245762763324,"time limit exceeded, no integer solution",0.0450833900626,2540,60.0953658,True,,,,,
moderate_seed3301_low_gini1_callback_gini_auto_300s,results\gf_tailored_bc_callback_round\raw\moderate_seed3301_low_gini1_callback_gini_auto_300s.json,interval-cutoff-oracle,interval_unresolved_timeout,custom,True,callback,True,none,compact_bc_leaf_diagnostic,1,gini_subset_envelope=0;low_gini_l1_centering=0;subset_inventory_imbalance=0;transfer_cutset=0;callback_gini_interval_cap=1;callback_visit_inventory_linking=0;callback_gini_subset_envelope=0;callback_low_gini_l1_centering=0;callback_transfer_cutset=0;callback_support_duration_pair=0;callback_support_duration_triple=0,25592,0,12412,2,branch_callback,2,True,0,none,0,0,0,0,ratio=0;penalty=0;objective=0,0,0,0,0,0,0,flow=0;station=0;service=0;duration=0;inventory=0;load_unsupported=0,10748640,0,0,0,4050,0,0,109,0,0,260,0,mode=adaptive;gini_branch=branch_callback;priorities=1;reason=auto_prefers_callback_branching_when_callbacks_available;cplex_copyorder_status=applied;cplex_priorities_applied=233,False,0,300.089,False,0.048388162834,0.0491525526647,0.0155513760578,0.0122881381662,0.0245762763324,"time limit exceeded, no integer solution",0.048388162834,20552,300.0886377,True,,,,,
moderate_seed3301_low_gini1_callback_gini_auto_1200s,results\gf_tailored_bc_callback_round\raw\moderate_seed3301_low_gini1_callback_gini_auto_1200s.json,interval-cutoff-oracle,interval_unresolved_timeout,custom,True,callback,True,none,compact_bc_leaf_diagnostic,1,gini_subset_envelope=0;low_gini_l1_centering=0;subset_inventory_imbalance=0;transfer_cutset=0;callback_gini_interval_cap=1;callback_visit_inventory_linking=0;callback_gini_subset_envelope=0;callback_low_gini_l1_centering=0;callback_transfer_cutset=0;callback_support_duration_pair=0;callback_support_duration_triple=0,47973,0,23288,2,branch_callback,2,True,0,none,0,0,0,0,ratio=0;penalty=0;objective=0,0,0,0,0,0,0,flow=0;station=0;service=0;duration=0;inventory=0;load_unsupported=0,20148660,0,0,0,4050,0,0,109,0,0,260,0,mode=adaptive;gini_branch=branch_callback;priorities=1;reason=auto_prefers_callback_branching_when_callbacks_available;cplex_copyorder_status=applied;cplex_priorities_applied=233,False,0,1200.117,False,0.048388162834,0.0491525526647,0.0155513760578,0.0122881381662,0.0245762763324,"time limit exceeded, no integer solution",0.048388162834,42384,1200.0963046,True,,,,,
moderate_seed3301_low_gini2_callback_gini_auto_300s,results\gf_tailored_bc_callback_round\raw\moderate_seed3301_low_gini2_callback_gini_auto_300s.json,interval-cutoff-oracle,interval_closed,custom,True,callback,True,none,compact_bc_leaf_diagnostic,1,gini_subset_envelope=0;low_gini_l1_centering=0;subset_inventory_imbalance=0;transfer_cutset=0;callback_gini_interval_cap=1;callback_visit_inventory_linking=0;callback_gini_subset_envelope=0;callback_low_gini_l1_centering=0;callback_transfer_cutset=0;callback_support_duration_pair=0;callback_support_duration_triple=0,13781,0,6570,3,branch_callback,2,True,0,none,0,0,0,0,ratio=0;penalty=0;objective=0,0,0,0,0,0,0,flow=0;station=0;service=0;duration=0;inventory=0;load_unsupported=0,5788020,0,0,0,4050,0,0,109,0,0,260,0,mode=adaptive;gini_branch=branch_callback;priorities=1;reason=auto_prefers_callback_branching_when_callbacks_available;cplex_copyorder_status=applied;cplex_priorities_applied=233,False,0,198.679,False,0.0491525526647,0.0491525526647,0,0.0245762763324,0.0368644144986,integer infeasible,1e+75,13034,198.6789591,True,,,,,
moderate_seed3301_low_gini2_callback_gini_selector_300s,results\gf_tailored_bc_callback_round\raw\moderate_seed3301_low_gini2_callback_gini_selector_300s.json,interval-cutoff-oracle,interval_unresolved_timeout,custom,True,callback,True,none,compact_bc_leaf_diagnostic,1,gini_subset_envelope=0;low_gini_l1_centering=0;subset_inventory_imbalance=0;transfer_cutset=0;callback_gini_interval_cap=1;callback_visit_inventory_linking=0;callback_gini_subset_envelope=0;callback_low_gini_l1_centering=0;callback_transfer_cutset=0;callback_support_duration_pair=0;callback_support_duration_triple=0,11561,0,5642,11,selector_binary,0,True,0,none,0,0,0,0,ratio=0;penalty=0;objective=0,0,0,0,0,0,0,flow=0;station=0;service=0;duration=0;inventory=0;load_unsupported=0,4855620,0,0,0,4050,0,0,156,0,0,460,0,mode=adaptive;gini_branch=selector_binary;priorities=1;reason=selector_binary_requested;cplex_copyorder_status=applied;cplex_priorities_applied=233,False,0,300.105,False,0.0489209015481,0.0491525526647,0.00471290104119,0.0245762763324,0.0368644144986,"time limit exceeded, no integer solution",0.0489209015481,9779,300.1045352,True,,,,,
generated_diag_V12_M1_low_gini_hard_seed7101_tailored_20s,results\gf_tailored_bc_callback_round\raw\generated_diag_V12_M1_low_gini_hard_seed7101_tailored_20s.json,gcap-frontier,gcap_frontier_not_closed,paper-gf-tailored-bc,True,callback,True,none,compact_bc_leaf_diagnostic,5180,gini_subset_envelope=2384;low_gini_l1_centering=100;subset_inventory_imbalance=2384;transfer_cutset=312,0,0,0,0,off,0,True,0,,0,0,0,0,,0,0,0,0,0,0,,0,0,2384,312,0,0,0,0,0,0,0,0,mode=adaptive;gini_branch=off;priorities=0;reason=interval_below_min_width,False,0,20.006,False,0.018265,0.0297090177619,0.38520350466,0,0,,0,0,0,True,True,reference\hard_compact_bc_diagnostics\diag_V12_M1_low_gini_hard_seed7101.txt,,,
generated_diag_V12_M2_tight_cutoff_hard_seed7102_tailored_20s,results\gf_tailored_bc_callback_round\raw\generated_diag_V12_M2_tight_cutoff_hard_seed7102_tailored_20s.json,gcap-frontier,gcap_frontier_not_closed,paper-gf-tailored-bc,True,callback,True,none,compact_bc_leaf_diagnostic,1373,gini_subset_envelope=596;low_gini_l1_centering=25;subset_inventory_imbalance=596;transfer_cutset=156,0,0,0,0,off,0,True,0,,0,0,0,0,,0,0,0,0,0,0,,0,0,596,156,0,0,0,0,0,0,0,0,mode=adaptive;gini_branch=off;priorities=0;reason=interval_below_min_width,False,0,21.179,False,1.594858,1.65777317757,0.0379516199305,0,0,,0,0,0,True,True,reference\hard_compact_bc_diagnostics\diag_V12_M2_tight_cutoff_hard_seed7102.txt,,,
generated_diag_V16_M2_balanced_fractional_seed7103_tailored_20s,results\gf_tailored_bc_callback_round\raw\generated_diag_V16_M2_balanced_fractional_seed7103_tailored_20s.json,gcap-frontier,optimal,paper-gf-tailored-bc,True,callback,True,none: cplex2211.dll loaded dynamically and generic callback symbols are available,compact_bc_leaf_diagnostic,0,,0,0,0,0,off,0,False,0,,0,0,0,0,,0,0,0,0,0,0,,0,0,0,0,0,0,0,0,0,0,0,0,,True,0,18.231,False,0,0,0,0,0,,0,0,0,False,True,reference\hard_compact_bc_diagnostics\diag_V16_M2_balanced_fractional_seed7103.txt,,,
generated_diag_V20_M2_high_transfer_seed7104_tailored_20s,results\gf_tailored_bc_callback_round\raw\generated_diag_V20_M2_high_transfer_seed7104_tailored_20s.json,gcap-frontier,gcap_frontier_not_closed,paper-gf-tailored-bc,True,callback,True,none,compact_bc_leaf_diagnostic,23444,gini_subset_envelope=10800;low_gini_l1_centering=164;subset_inventory_imbalance=10800;transfer_cutset=1680,0,0,0,0,off,0,True,0,,0,0,0,0,,0,0,0,0,0,0,,0,0,10800,1680,0,0,0,0,0,0,0,0,mode=adaptive;gini_branch=off;priorities=0;reason=interval_below_min_width,False,0,32.878,False,0.422578,0.585219086017,0.277914869667,0,0,,0,0,0,True,True,reference\hard_compact_bc_diagnostics\diag_V20_M2_high_transfer_seed7104.txt,,,
generated_diag_V20_M3_dense_duration_seed7105_tailored_20s,results\gf_tailored_bc_callback_round\raw\generated_diag_V20_M3_dense_duration_seed7105_tailored_20s.json,gcap-frontier,gcap_frontier_not_closed,paper-gf-tailored-bc,True,callback,True,none,compact_bc_leaf_diagnostic,24284,gini_subset_envelope=10800;low_gini_l1_centering=164;subset_inventory_imbalance=10800;transfer_cutset=2520,0,0,0,0,off,0,True,0,,0,0,0,0,,0,0,0,0,0,0,,0,0,10800,2520,0,0,0,0,0,0,0,0,mode=adaptive;gini_branch=off;priorities=0;reason=interval_below_min_width,False,0,20.011,False,0.012473,0.082560868562,0.848923585504,0,0,,0,0,0,True,True,reference\hard_compact_bc_diagnostics\diag_V20_M3_dense_duration_seed7105.txt,,,
generated_diag_V12_M1_low_gini_hard_seed7101_tailored_20s_interval_0,results\gf_tailored_bc_callback_round\raw\generated_diag_V12_M1_low_gini_hard_seed7101_tailored_20s_auto_oracle\interval_0.json,interval-cutoff-oracle,interval_closed,paper-gf-tailored-bc,True,callback,True,none,tailored_bc_certified,1295,gini_subset_envelope=596;low_gini_l1_centering=25;subset_inventory_imbalance=596;transfer_cutset=78;callback_gini_interval_cap=0;callback_visit_inventory_linking=0;callback_gini_subset_envelope=0;callback_low_gini_l1_centering=0;callback_transfer_cutset=0;callback_support_duration_pair=0;callback_support_duration_triple=0,0,0,0,1,branch_callback,0,True,0,none,0,0,0,0,,,,0,0,0,0,,298,0,596,78,0,0,0,0,0,0,0,0,,False,,0.318,False,0.0297090177619,0.0297090177619,0,0,0.00742725444047,integer infeasible,1e+75,0,0.3179202,True,,reference\hard_compact_bc_diagnostics\diag_V12_M1_low_gini_hard_seed7101.txt,generated_diag_V12_M1_low_gini_hard_seed7101_tailored_20s,diagnostic,True
generated_diag_V12_M1_low_gini_hard_seed7101_tailored_20s_interval_1,results\gf_tailored_bc_callback_round\raw\generated_diag_V12_M1_low_gini_hard_seed7101_tailored_20s_auto_oracle\interval_1.json,interval-cutoff-oracle,interval_unresolved_timeout,paper-gf-tailored-bc,True,callback,True,none,tailored_bc_assisted_noncertified,1296,gini_subset_envelope=596;low_gini_l1_centering=25;subset_inventory_imbalance=596;transfer_cutset=78;callback_gini_interval_cap=1;callback_visit_inventory_linking=0;callback_gini_subset_envelope=0;callback_low_gini_l1_centering=0;callback_transfer_cutset=0;callback_support_duration_pair=0;callback_support_duration_triple=0,661,0,314,2,branch_callback,2,True,0,none,0,0,0,0,,,,0,0,0,0,,103414,0,596,78,298,0,0,66,0,0,220,0,,False,,2.274,True,0.0182649501473,0.0297090177619,0.385205182692,0.00742725444047,0.0148545088809,"time limit exceeded, no integer solution",0.0182649501473,574,2.2740602,True,,reference\hard_compact_bc_diagnostics\diag_V12_M1_low_gini_hard_seed7101.txt,generated_diag_V12_M1_low_gini_hard_seed7101_tailored_20s,diagnostic,True
generated_diag_V12_M1_low_gini_hard_seed7101_tailored_20s_interval_2,results\gf_tailored_bc_callback_round\raw\generated_diag_V12_M1_low_gini_hard_seed7101_tailored_20s_auto_oracle\interval_2.json,interval-cutoff-oracle,interval_unresolved_timeout,paper-gf-tailored-bc,True,callback,True,none,tailored_bc_assisted_noncertified,1296,gini_subset_envelope=596;low_gini_l1_centering=25;subset_inventory_imbalance=596;transfer_cutset=78;callback_gini_interval_cap=1;callback_visit_inventory_linking=0;callback_gini_subset_envelope=0;callback_low_gini_l1_centering=0;callback_transfer_cutset=0;callback_support_duration_pair=0;callback_support_duration_triple=0,1455,0,717,2,branch_callback,2,True,0,none,0,0,0,0,,,,0,0,0,0,,227278,0,596,78,298,0,0,66,0,0,220,0,,False,,2.279,True,0.018793469,0.0297090177619,0.367415336628,0.0148545088809,0.0222817633214,"time limit exceeded, no integer solution",0.018793469,978,2.2794167,True,,reference\hard_compact_bc_diagnostics\diag_V12_M1_low_gini_hard_seed7101.txt,generated_diag_V12_M1_low_gini_hard_seed7101_tailored_20s,diagnostic,True
generated_diag_V12_M1_low_gini_hard_seed7101_tailored_20s_interval_3,results\gf_tailored_bc_callback_round\raw\generated_diag_V12_M1_low_gini_hard_seed7101_tailored_20s_auto_oracle\interval_3.json,interval-cutoff-oracle,interval_closed,paper-gf-tailored-bc,True,callback,True,none,tailored_bc_certified,1296,gini_subset_envelope=596;low_gini_l1_centering=25;subset_inventory_imbalance=596;transfer_cutset=78;callback_gini_interval_cap=1;callback_visit_inventory_linking=0;callback_gini_subset_envelope=0;callback_low_gini_l1_centering=0;callback_transfer_cutset=0;callback_support_duration_pair=0;callback_support_duration_triple=0,201,0,89,3,branch_callback,2,True,0,none,0,0,0,0,,,,0,0,0,0,,31654,0,596,78,298,0,0,66,0,0,220,0,,False,,0.96,False,0.0297090177619,0.0297090177619,0,0.0222817633214,0.0297090177619,integer infeasible,1e+75,176,0.9602742,True,,reference\hard_compact_bc_diagnostics\diag_V12_M1_low_gini_hard_seed7101.txt,generated_diag_V12_M1_low_gini_hard_seed7101_tailored_20s,diagnostic,True
generated_diag_V12_M2_tight_cutoff_hard_seed7102_tailored_20s_interval_1,results\gf_tailored_bc_callback_round\raw\generated_diag_V12_M2_tight_cutoff_hard_seed7102_tailored_20s_auto_oracle\interval_1.json,interval-cutoff-oracle,interval_unresolved_timeout,paper-gf-tailored-bc,True,callback,True,none,tailored_bc_assisted_noncertified,1374,gini_subset_envelope=596;low_gini_l1_centering=25;subset_inventory_imbalance=596;transfer_cutset=156;callback_gini_interval_cap=1;callback_visit_inventory_linking=0;callback_gini_subset_envelope=0;callback_low_gini_l1_centering=0;callback_transfer_cutset=0;callback_support_duration_pair=0;callback_support_duration_triple=0,112,0,50,2,branch_callback,2,True,0,none,0,0,0,0,,,,0,0,0,0,,17770,0,596,156,596,0,0,9,0,0,5,0,,False,,2.391,True,1.59485750225,1.65777317757,0.0379519201833,0.229166666667,0.458333333333,"time limit exceeded, no integer solution",1.59485750225,59,2.391288,True,,reference\hard_compact_bc_diagnostics\diag_V12_M2_tight_cutoff_hard_seed7102.txt,generated_diag_V12_M2_tight_cutoff_hard_seed7102_tailored_20s,diagnostic,True
generated_diag_V20_M2_high_transfer_seed7104_tailored_20s_interval_0,results\gf_tailored_bc_callback_round\raw\generated_diag_V20_M2_high_transfer_seed7104_tailored_20s_auto_oracle\interval_0.json,interval-cutoff-oracle,interval_closed,paper-gf-tailored-bc,True,callback,True,none,tailored_bc_certified,5861,gini_subset_envelope=2700;low_gini_l1_centering=41;subset_inventory_imbalance=2700;transfer_cutset=420;callback_gini_interval_cap=0;callback_visit_inventory_linking=0;callback_gini_subset_envelope=0;callback_low_gini_l1_centering=0;callback_transfer_cutset=0;callback_support_duration_pair=0;callback_support_duration_triple=0,0,0,0,1,branch_callback,0,True,0,none,0,0,0,0,,,,0,0,0,0,,1350,0,2700,420,0,0,0,0,0,0,0,0,,False,,0.549,False,0.585219086017,0.585219086017,0,0,0.146304771504,integer infeasible,1e+75,0,0.5494684,True,,reference\hard_compact_bc_diagnostics\diag_V20_M2_high_transfer_seed7104.txt,generated_diag_V20_M2_high_transfer_seed7104_tailored_20s,diagnostic,True
generated_diag_V20_M2_high_transfer_seed7104_tailored_20s_interval_1,results\gf_tailored_bc_callback_round\raw\generated_diag_V20_M2_high_transfer_seed7104_tailored_20s_auto_oracle\interval_1.json,interval-cutoff-oracle,interval_unresolved_timeout,paper-gf-tailored-bc,True,callback,True,none,tailored_bc_assisted_noncertified,5862,gini_subset_envelope=2700;low_gini_l1_centering=41;subset_inventory_imbalance=2700;transfer_cutset=420;callback_gini_interval_cap=1;callback_visit_inventory_linking=0;callback_gini_subset_envelope=0;callback_low_gini_l1_centering=0;callback_transfer_cutset=0;callback_support_duration_pair=0;callback_support_duration_triple=0,207,0,100,2,branch_callback,2,True,0,none,0,0,0,0,,,,0,0,0,0,,88290,0,2700,420,2700,0,0,102,0,0,304,0,,False,,2.432,True,0.422577704652,0.585219086017,0.277915374346,0.146304771504,0.292609543009,"time limit exceeded, no integer solution",0.422577704652,101,2.431859,True,,reference\hard_compact_bc_diagnostics\diag_V20_M2_high_transfer_seed7104.txt,generated_diag_V20_M2_high_transfer_seed7104_tailored_20s,diagnostic,True
generated_diag_V20_M2_high_transfer_seed7104_tailored_20s_interval_2,results\gf_tailored_bc_callback_round\raw\generated_diag_V20_M2_high_transfer_seed7104_tailored_20s_auto_oracle\interval_2.json,interval-cutoff-oracle,interval_unresolved_timeout,paper-gf-tailored-bc,True,callback,True,none,tailored_bc_assisted_noncertified,5862,gini_subset_envelope=2700;low_gini_l1_centering=41;subset_inventory_imbalance=2700;transfer_cutset=420;callback_gini_interval_cap=1;callback_visit_inventory_linking=0;callback_gini_subset_envelope=0;callback_low_gini_l1_centering=0;callback_transfer_cutset=0;callback_support_duration_pair=0;callback_support_duration_triple=0,235,0,114,2,branch_callback,2,True,0,none,0,0,0,0,,,,0,0,0,0,,100050,0,2700,420,2700,0,0,111,0,0,340,0,,False,,2.436,True,0.533455993479,0.585219086017,0.0884507935138,0.292609543009,0.438914314513,"time limit exceeded, no integer solution",0.533455993479,125,2.4364422,True,,reference\hard_compact_bc_diagnostics\diag_V20_M2_high_transfer_seed7104.txt,generated_diag_V20_M2_high_transfer_seed7104_tailored_20s,diagnostic,True
generated_diag_V20_M2_high_transfer_seed7104_tailored_20s_interval_3,results\gf_tailored_bc_callback_round\raw\generated_diag_V20_M2_high_transfer_seed7104_tailored_20s_auto_oracle\interval_3.json,interval-cutoff-oracle,interval_closed,paper-gf-tailored-bc,True,callback,True,none,tailored_bc_certified,5861,gini_subset_envelope=2700;low_gini_l1_centering=41;subset_inventory_imbalance=2700;transfer_cutset=420;callback_gini_interval_cap=0;callback_visit_inventory_linking=0;callback_gini_subset_envelope=0;callback_low_gini_l1_centering=0;callback_transfer_cutset=0;callback_support_duration_pair=0;callback_support_duration_triple=0,0,0,0,1,branch_callback,0,True,0,none,0,0,0,0,,,,0,0,0,0,,1350,0,2700,420,0,0,0,0,0,0,0,0,,False,,0.486,False,0.585219086017,0.585219086017,0,0.438914314513,0.585219086017,integer infeasible,1e+75,0,0.4862947,True,,reference\hard_compact_bc_diagnostics\diag_V20_M2_high_transfer_seed7104.txt,generated_diag_V20_M2_high_transfer_seed7104_tailored_20s,diagnostic,True
generated_diag_V20_M3_dense_duration_seed7105_tailored_20s_interval_0,results\gf_tailored_bc_callback_round\raw\generated_diag_V20_M3_dense_duration_seed7105_tailored_20s_auto_oracle\interval_0.json,interval-cutoff-oracle,interval_unresolved_timeout,paper-gf-tailored-bc,True,callback,True,none,tailored_bc_assisted_noncertified,6072,gini_subset_envelope=2700;low_gini_l1_centering=41;subset_inventory_imbalance=2700;transfer_cutset=630;callback_gini_interval_cap=1;callback_visit_inventory_linking=0;callback_gini_subset_envelope=0;callback_low_gini_l1_centering=0;callback_transfer_cutset=0;callback_support_duration_pair=0;callback_support_duration_triple=0,46,0,20,2,branch_callback,2,True,0,none,0,0,0,0,,,,0,0,0,0,,20670,0,2700,630,4050,0,0,201,0,0,764,0,,False,,2.665,True,0.0124732043479,0.082560868562,0.848921110386,0,0.0206402171405,"time limit exceeded, no integer solution",0.0124732043479,20,2.6651519,True,,reference\hard_compact_bc_diagnostics\diag_V20_M3_dense_duration_seed7105.txt,generated_diag_V20_M3_dense_duration_seed7105_tailored_20s,diagnostic,True
generated_diag_V20_M3_dense_duration_seed7105_tailored_20s_interval_1,results\gf_tailored_bc_callback_round\raw\generated_diag_V20_M3_dense_duration_seed7105_tailored_20s_auto_oracle\interval_1.json,interval-cutoff-oracle,interval_unresolved_timeout,paper-gf-tailored-bc,True,callback,True,none,tailored_bc_assisted_noncertified,6072,gini_subset_envelope=2700;low_gini_l1_centering=41;subset_inventory_imbalance=2700;transfer_cutset=630;callback_gini_interval_cap=1;callback_visit_inventory_linking=0;callback_gini_subset_envelope=0;callback_low_gini_l1_centering=0;callback_transfer_cutset=0;callback_support_duration_pair=0;callback_support_duration_triple=0,24,0,9,2,branch_callback,2,True,0,none,0,0,0,0,,,,0,0,0,0,,11430,0,2700,630,4050,0,0,211,0,0,737,0,,False,,2.561,True,0.0265355011495,0.082560868562,0.6785946949,0.0206402171405,0.041280434281,"time limit exceeded, no integer solution",0.0265355011495,9,2.5608603,True,,reference\hard_compact_bc_diagnostics\diag_V20_M3_dense_duration_seed7105.txt,generated_diag_V20_M3_dense_duration_seed7105_tailored_20s,diagnostic,True
generated_diag_V20_M3_dense_duration_seed7105_tailored_20s_interval_2,results\gf_tailored_bc_callback_round\raw\generated_diag_V20_M3_dense_duration_seed7105_tailored_20s_auto_oracle\interval_2.json,interval-cutoff-oracle,interval_unresolved_timeout,paper-gf-tailored-bc,True,callback,True,none,tailored_bc_assisted_noncertified,6072,gini_subset_envelope=2700;low_gini_l1_centering=41;subset_inventory_imbalance=2700;transfer_cutset=630;callback_gini_interval_cap=1;callback_visit_inventory_linking=0;callback_gini_subset_envelope=0;callback_low_gini_l1_centering=0;callback_transfer_cutset=0;callback_support_duration_pair=0;callback_support_duration_triple=0,23,0,8,2,branch_callback,2,True,0,none,0,0,0,0,,,,0,0,0,0,,11010,0,2700,630,4050,0,0,220,0,0,845,0,,False,,2.592,True,0.0474288117378,0.082560868562,0.425529157288,0.041280434281,0.0619206514215,"time limit exceeded, no integer solution",0.0474288117378,9,2.5919928,True,,reference\hard_compact_bc_diagnostics\diag_V20_M3_dense_duration_seed7105.txt,generated_diag_V20_M3_dense_duration_seed7105_tailored_20s,diagnostic,True
generated_diag_V20_M3_dense_duration_seed7105_tailored_20s_interval_3,results\gf_tailored_bc_callback_round\raw\generated_diag_V20_M3_dense_duration_seed7105_tailored_20s_auto_oracle\interval_3.json,interval-cutoff-oracle,interval_unresolved_timeout,paper-gf-tailored-bc,True,callback,True,none,tailored_bc_assisted_noncertified,6072,gini_subset_envelope=2700;low_gini_l1_centering=41;subset_inventory_imbalance=2700;transfer_cutset=630;callback_gini_interval_cap=1;callback_visit_inventory_linking=0;callback_gini_subset_envelope=0;callback_low_gini_l1_centering=0;callback_transfer_cutset=0;callback_support_duration_pair=0;callback_support_duration_triple=0,34,0,13,2,branch_callback,2,True,0,none,0,0,0,0,,,,0,0,0,0,,15630,0,2700,630,4050,0,0,187,0,0,605,0,,False,,2.543,True,0.0680906082971,0.082560868562,0.17526778142,0.0619206514215,0.082560868562,"time limit exceeded, no integer solution",0.0680906082971,17,2.5432723,True,,reference\hard_compact_bc_diagnostics\diag_V20_M3_dense_duration_seed7105.txt,generated_diag_V20_M3_dense_duration_seed7105_tailored_20s,diagnostic,True
