leaf_id,solve_kind,native_status,optimize_return_code,global_deadline_remaining_at_launch,solver_runtime,work,nodes,simplex_iterations,barrier_iterations,memory_gb,presolve_observed,root_relaxation_observed,model_sha256,row_signature,native_log
R,LP,"OPTIMAL",0,82.1218,0.136,0.40109,0,2043,0,0.0292746,1,0,7aa2bab2e7c111e7fe44d0f32c41f3d58c8d299e2a38bbfb106c5b6862a5ccf5,7aa2bab2e7c111e7fe44d0f32c41f3d58c8d299e2a38bbfb106c5b6862a5ccf5,"E:\codes\ExactEBRP\results\gf_cplex_equivalent_gurobi_replica_round28\runs\stage0_sentinel__moderate_seed4301__c3_replica__120s\external\native_logs\R_lp.gurobi.log"
R.0,LP,"OPTIMAL",0,81.8241,0.165,0.486831,0,2010,0,0.0292746,1,0,eee1af0cbed5f9773489cb209e38c2c22ccd99d76fab78cfffb61a357c5224fc,eee1af0cbed5f9773489cb209e38c2c22ccd99d76fab78cfffb61a357c5224fc,"E:\codes\ExactEBRP\results\gf_cplex_equivalent_gurobi_replica_round28\runs\stage0_sentinel__moderate_seed4301__c3_replica__120s\external\native_logs\R.0_lp.gurobi.log"
R.1,LP,"OPTIMAL",0,81.4966,0.102,0.301961,0,1558,0,0.0294657,1,0,5f198b7f9f7ce5a31758548c6df74e1f260288382f392210ba459f9606beaafb,5f198b7f9f7ce5a31758548c6df74e1f260288382f392210ba459f9606beaafb,"E:\codes\ExactEBRP\results\gf_cplex_equivalent_gurobi_replica_round28\runs\stage0_sentinel__moderate_seed4301__c3_replica__120s\external\native_logs\R.1_lp.gurobi.log"
R.0.0,LP,"OPTIMAL",0,81.2317,0.164,0.472167,0,2133,0,0.0294657,1,0,a57e9d772df5c74b042d38369f8f9c5282e1c865a2a675e6f9b6c0df4754c968,a57e9d772df5c74b042d38369f8f9c5282e1c865a2a675e6f9b6c0df4754c968,"E:\codes\ExactEBRP\results\gf_cplex_equivalent_gurobi_replica_round28\runs\stage0_sentinel__moderate_seed4301__c3_replica__120s\external\native_logs\R.0.0_lp.gurobi.log"
R.0.1,LP,"OPTIMAL",0,80.9055,0.192,0.616233,0,2859,0,0.0297157,1,0,03c4946184855312018f2380e1a78f825b6f79fdf7f7468cd1612cfb7dc0c626,03c4946184855312018f2380e1a78f825b6f79fdf7f7468cd1612cfb7dc0c626,"E:\codes\ExactEBRP\results\gf_cplex_equivalent_gurobi_replica_round28\runs\stage0_sentinel__moderate_seed4301__c3_replica__120s\external\native_logs\R.0.1_lp.gurobi.log"
R.0.0.0,LP,"OPTIMAL",0,80.5484,0.172,0.482534,0,1957,0,0.0297157,1,0,c9cd02a07e3c2a0d9f9edb8ce86d693efe552c9a4d30bd1852a3bef343b41473,c9cd02a07e3c2a0d9f9edb8ce86d693efe552c9a4d30bd1852a3bef343b41473,"E:\codes\ExactEBRP\results\gf_cplex_equivalent_gurobi_replica_round28\runs\stage0_sentinel__moderate_seed4301__c3_replica__120s\external\native_logs\R.0.0.0_lp.gurobi.log"
R.0.0.1,LP,"OPTIMAL",0,80.2122,0.149,0.42874,0,1888,0,0.0297157,1,0,4bf599df4bdb1857ffe4d95678fadb1209287bdd6a5d87b712ca743099d366ba,4bf599df4bdb1857ffe4d95678fadb1209287bdd6a5d87b712ca743099d366ba,"E:\codes\ExactEBRP\results\gf_cplex_equivalent_gurobi_replica_round28\runs\stage0_sentinel__moderate_seed4301__c3_replica__120s\external\native_logs\R.0.0.1_lp.gurobi.log"
R.0.0.0.0,LP,"OPTIMAL",0,79.9,0.13,0.362552,0,1529,0,0.0297157,1,0,d43ad79efe9ebfd8398736a7ba3201f907fbaa8b2769d9b3f779c9790b05b694,d43ad79efe9ebfd8398736a7ba3201f907fbaa8b2769d9b3f779c9790b05b694,"E:\codes\ExactEBRP\results\gf_cplex_equivalent_gurobi_replica_round28\runs\stage0_sentinel__moderate_seed4301__c3_replica__120s\external\native_logs\R.0.0.0.0_lp.gurobi.log"
R.0.0.0.1,LP,"OPTIMAL",0,79.6047,0.137,0.379445,0,1630,0,0.0297157,1,0,b977f5e37edfd4726b1bcc3784a6eec8805fb9c5d8acc97dfe1f89143cd35634,b977f5e37edfd4726b1bcc3784a6eec8805fb9c5d8acc97dfe1f89143cd35634,"E:\codes\ExactEBRP\results\gf_cplex_equivalent_gurobi_replica_round28\runs\stage0_sentinel__moderate_seed4301__c3_replica__120s\external\native_logs\R.0.0.0.1_lp.gurobi.log"
R.0.0.0.0.0,LP,"INFEASIBLE",0,79.3047,0.00300002,0.00444774,0,0,0,0.0297157,1,0,85274e38b6e7179d2f3e0f340d9e69cb82a98dca20afdfb626783fcd3ab0b07d,85274e38b6e7179d2f3e0f340d9e69cb82a98dca20afdfb626783fcd3ab0b07d,"E:\codes\ExactEBRP\results\gf_cplex_equivalent_gurobi_replica_round28\runs\stage0_sentinel__moderate_seed4301__c3_replica__120s\external\native_logs\R.0.0.0.0.0_lp.gurobi.log"
R.0.0.0.0.1,LP,"OPTIMAL",0,79.1372,0.133,0.376027,0,1641,0,0.0297157,1,0,4f281ef364d8037db5e6c2904416ca1571596cb1ef185f0d8ebe69b395b8434a,4f281ef364d8037db5e6c2904416ca1571596cb1ef185f0d8ebe69b395b8434a,"E:\codes\ExactEBRP\results\gf_cplex_equivalent_gurobi_replica_round28\runs\stage0_sentinel__moderate_seed4301__c3_replica__120s\external\native_logs\R.0.0.0.0.1_lp.gurobi.log"
R.0.0.0.0.1.1,LP,"OPTIMAL",0,78.8433,0.151,0.426834,0,1841,0,0.0297157,1,0,de78f7bca351bed9cdc3e9a74c2f23a045180f1f15901af62f0a237aa2d685fe,de78f7bca351bed9cdc3e9a74c2f23a045180f1f15901af62f0a237aa2d685fe,"E:\codes\ExactEBRP\results\gf_cplex_equivalent_gurobi_replica_round28\runs\stage0_sentinel__moderate_seed4301__c3_replica__120s\external\native_logs\R.0.0.0.0.1.1_lp.gurobi.log"
R.0.0.0.0.1.0,LP,"OPTIMAL",0,78.5298,0.136,0.373091,0,1601,0,0.0297157,1,0,58c165f8c448c79dde96e331911731018a07825872bc3456756a32ba035d0b5f,58c165f8c448c79dde96e331911731018a07825872bc3456756a32ba035d0b5f,"E:\codes\ExactEBRP\results\gf_cplex_equivalent_gurobi_replica_round28\runs\stage0_sentinel__moderate_seed4301__c3_replica__120s\external\native_logs\R.0.0.0.0.1.0_lp.gurobi.log"
R.0.0.0.0.1.0.0,LP,"OPTIMAL",0,78.1476,0.131,0.36807,0,1797,0,0.0297157,1,0,7734fb2b2babe65606c2490a1d4fcb7f1728716cd3810e38336856633f599fe1,7734fb2b2babe65606c2490a1d4fcb7f1728716cd3810e38336856633f599fe1,"E:\codes\ExactEBRP\results\gf_cplex_equivalent_gurobi_replica_round28\runs\stage0_sentinel__moderate_seed4301__c3_replica__120s\external\native_logs\R.0.0.0.0.1.0.0_lp.gurobi.log"
R.0.0.0.0.1.0.1,LP,"OPTIMAL",0,77.8387,0.134,0.376963,0,1606,0,0.0297157,1,0,7c987c5193c6edb55b9fcaf6135e0da56db1cfe3b4d1ff80fc56ddb9a050a26e,7c987c5193c6edb55b9fcaf6135e0da56db1cfe3b4d1ff80fc56ddb9a050a26e,"E:\codes\ExactEBRP\results\gf_cplex_equivalent_gurobi_replica_round28\runs\stage0_sentinel__moderate_seed4301__c3_replica__120s\external\native_logs\R.0.0.0.0.1.0.1_lp.gurobi.log"
R.0.0.0.0.1.1.1,LP,"OPTIMAL",0,77.5408,0.133,0.379882,0,1591,0,0.0297157,1,0,17674df7f45a08db9096de2650ed1e0d87a9156daa97359ea9b4bd1700c9c5dd,17674df7f45a08db9096de2650ed1e0d87a9156daa97359ea9b4bd1700c9c5dd,"E:\codes\ExactEBRP\results\gf_cplex_equivalent_gurobi_replica_round28\runs\stage0_sentinel__moderate_seed4301__c3_replica__120s\external\native_logs\R.0.0.0.0.1.1.1_lp.gurobi.log"
R.0.0.0.0.1.1.0,LP,"OPTIMAL",0,77.2443,0.135,0.37423,0,1852,0,0.0297157,1,0,d13d0c7d862071cad8389dc27458e3f6896ed1d30a53c6bb24173d3bd9abfec4,d13d0c7d862071cad8389dc27458e3f6896ed1d30a53c6bb24173d3bd9abfec4,"E:\codes\ExactEBRP\results\gf_cplex_equivalent_gurobi_replica_round28\runs\stage0_sentinel__moderate_seed4301__c3_replica__120s\external\native_logs\R.0.0.0.0.1.1.0_lp.gurobi.log"
R.0.0.0.0.1.0.0.0,LP,"OPTIMAL",0,76.9465,0.119,0.319095,0,1620,0,0.0297157,1,0,2c40328493c180764fca438255d671844932a0203356451ab55e385160aa1c89,2c40328493c180764fca438255d671844932a0203356451ab55e385160aa1c89,"E:\codes\ExactEBRP\results\gf_cplex_equivalent_gurobi_replica_round28\runs\stage0_sentinel__moderate_seed4301__c3_replica__120s\external\native_logs\R.0.0.0.0.1.0.0.0_lp.gurobi.log"
R.0.0.0.0.1.0.0.0,MIP,"INFEASIBLE",0,76.7903,0.0079999,0.0157108,0,0,0,0.0297157,1,0,2c40328493c180764fca438255d671844932a0203356451ab55e385160aa1c89,2c40328493c180764fca438255d671844932a0203356451ab55e385160aa1c89,"E:\codes\ExactEBRP\results\gf_cplex_equivalent_gurobi_replica_round28\runs\stage0_sentinel__moderate_seed4301__c3_replica__120s\external\native_logs\R.0.0.0.0.1.0.0.0_terminal_mip.gurobi.log"
R.0.0.0.0.1.0.0.1,LP,"OPTIMAL",0,76.6211,0.15,0.418398,0,1776,0,0.0297157,1,0,89b890624dde0df54d069f48013aab3ae9e534e636132a8e71a9f56df7e483ae,89b890624dde0df54d069f48013aab3ae9e534e636132a8e71a9f56df7e483ae,"E:\codes\ExactEBRP\results\gf_cplex_equivalent_gurobi_replica_round28\runs\stage0_sentinel__moderate_seed4301__c3_replica__120s\external\native_logs\R.0.0.0.0.1.0.0.1_lp.gurobi.log"
R.0.0.0.0.1.0.0.1,MIP,"INFEASIBLE",0,76.4342,0.0079999,0.0158015,0,0,0,0.0297157,1,0,89b890624dde0df54d069f48013aab3ae9e534e636132a8e71a9f56df7e483ae,89b890624dde0df54d069f48013aab3ae9e534e636132a8e71a9f56df7e483ae,"E:\codes\ExactEBRP\results\gf_cplex_equivalent_gurobi_replica_round28\runs\stage0_sentinel__moderate_seed4301__c3_replica__120s\external\native_logs\R.0.0.0.0.1.0.0.1_terminal_mip.gurobi.log"
R.0.0.0.0.1.0.1.0,LP,"OPTIMAL",0,76.2624,0.152,0.419604,0,1983,0,0.0297157,1,0,a008cd332f70e7c95c7830fcdb3bdf75cd1e04712004415efa9e7a86a35c65a9,a008cd332f70e7c95c7830fcdb3bdf75cd1e04712004415efa9e7a86a35c65a9,"E:\codes\ExactEBRP\results\gf_cplex_equivalent_gurobi_replica_round28\runs\stage0_sentinel__moderate_seed4301__c3_replica__120s\external\native_logs\R.0.0.0.0.1.0.1.0_lp.gurobi.log"
R.0.0.0.0.1.0.1.0,MIP,"INFEASIBLE",0,76.0744,0.00699997,0.0157305,0,0,0,0.0297157,1,0,a008cd332f70e7c95c7830fcdb3bdf75cd1e04712004415efa9e7a86a35c65a9,a008cd332f70e7c95c7830fcdb3bdf75cd1e04712004415efa9e7a86a35c65a9,"E:\codes\ExactEBRP\results\gf_cplex_equivalent_gurobi_replica_round28\runs\stage0_sentinel__moderate_seed4301__c3_replica__120s\external\native_logs\R.0.0.0.0.1.0.1.0_terminal_mip.gurobi.log"
R.0.0.0.0.1.0.1.1,LP,"OPTIMAL",0,75.9024,0.146,0.400019,0,1800,0,0.0297157,1,0,7fa5e7894fe9c2e52b5386d58afaefa1df5aa51e968be79f7f15dd7911807e6a,7fa5e7894fe9c2e52b5386d58afaefa1df5aa51e968be79f7f15dd7911807e6a,"E:\codes\ExactEBRP\results\gf_cplex_equivalent_gurobi_replica_round28\runs\stage0_sentinel__moderate_seed4301__c3_replica__120s\external\native_logs\R.0.0.0.0.1.0.1.1_lp.gurobi.log"
R.0.0.0.0.1.0.1.1,MIP,"INFEASIBLE",0,75.7216,0.0079999,0.0157587,0,0,0,0.0297157,1,0,7fa5e7894fe9c2e52b5386d58afaefa1df5aa51e968be79f7f15dd7911807e6a,7fa5e7894fe9c2e52b5386d58afaefa1df5aa51e968be79f7f15dd7911807e6a,"E:\codes\ExactEBRP\results\gf_cplex_equivalent_gurobi_replica_round28\runs\stage0_sentinel__moderate_seed4301__c3_replica__120s\external\native_logs\R.0.0.0.0.1.0.1.1_terminal_mip.gurobi.log"
R.0.0.0.0.1.1.0.0,LP,"OPTIMAL",0,75.5523,0.14,0.366163,0,1639,0,0.0297157,1,0,921ce046ccd13a428c2562319824a191b711e225b0a5c4f9b8fe80a637920d4d,921ce046ccd13a428c2562319824a191b711e225b0a5c4f9b8fe80a637920d4d,"E:\codes\ExactEBRP\results\gf_cplex_equivalent_gurobi_replica_round28\runs\stage0_sentinel__moderate_seed4301__c3_replica__120s\external\native_logs\R.0.0.0.0.1.1.0.0_lp.gurobi.log"
R.0.0.0.0.1.1.0.0,MIP,"INFEASIBLE",0,75.3791,0.00800014,0.0158417,0,0,0,0.0297157,1,0,921ce046ccd13a428c2562319824a191b711e225b0a5c4f9b8fe80a637920d4d,921ce046ccd13a428c2562319824a191b711e225b0a5c4f9b8fe80a637920d4d,"E:\codes\ExactEBRP\results\gf_cplex_equivalent_gurobi_replica_round28\runs\stage0_sentinel__moderate_seed4301__c3_replica__120s\external\native_logs\R.0.0.0.0.1.1.0.0_terminal_mip.gurobi.log"
R.0.0.0.0.1.1.0.1,LP,"OPTIMAL",0,75.2091,0.127,0.34636,0,1528,0,0.0297157,1,0,6bcd9777f53eea7f57d68b8d370f7653166aefce82f9ccc93aa498729a46d67a,6bcd9777f53eea7f57d68b8d370f7653166aefce82f9ccc93aa498729a46d67a,"E:\codes\ExactEBRP\results\gf_cplex_equivalent_gurobi_replica_round28\runs\stage0_sentinel__moderate_seed4301__c3_replica__120s\external\native_logs\R.0.0.0.0.1.1.0.1_lp.gurobi.log"
R.0.0.0.0.1.1.0.1,MIP,"INFEASIBLE",0,75.0469,0.00800014,0.0158835,0,0,0,0.0297157,1,0,6bcd9777f53eea7f57d68b8d370f7653166aefce82f9ccc93aa498729a46d67a,6bcd9777f53eea7f57d68b8d370f7653166aefce82f9ccc93aa498729a46d67a,"E:\codes\ExactEBRP\results\gf_cplex_equivalent_gurobi_replica_round28\runs\stage0_sentinel__moderate_seed4301__c3_replica__120s\external\native_logs\R.0.0.0.0.1.1.0.1_terminal_mip.gurobi.log"
R.0.0.0.0.1.1.1.1,LP,"OPTIMAL",0,74.8766,0.142,0.39963,0,1621,0,0.0297157,1,0,bafeb7d38d9677f31d610cdb0d0d7afaeac5ba6c6e25c468eb44ef05da7b71c3,bafeb7d38d9677f31d610cdb0d0d7afaeac5ba6c6e25c468eb44ef05da7b71c3,"E:\codes\ExactEBRP\results\gf_cplex_equivalent_gurobi_replica_round28\runs\stage0_sentinel__moderate_seed4301__c3_replica__120s\external\native_logs\R.0.0.0.0.1.1.1.1_lp.gurobi.log"
R.0.0.0.0.1.1.1.1,MIP,"INFEASIBLE",0,74.7005,0.00800014,0.0159346,0,0,0,0.0297157,1,0,bafeb7d38d9677f31d610cdb0d0d7afaeac5ba6c6e25c468eb44ef05da7b71c3,bafeb7d38d9677f31d610cdb0d0d7afaeac5ba6c6e25c468eb44ef05da7b71c3,"E:\codes\ExactEBRP\results\gf_cplex_equivalent_gurobi_replica_round28\runs\stage0_sentinel__moderate_seed4301__c3_replica__120s\external\native_logs\R.0.0.0.0.1.1.1.1_terminal_mip.gurobi.log"
R.0.0.0.0.1.1.1.0,LP,"OPTIMAL",0,74.5318,0.148,0.416062,0,1647,0,0.0297157,1,0,69117d94e5d50703b8ff3ac395967bbf1f46204d4d640b6c71eb063ee9e8b3a0,69117d94e5d50703b8ff3ac395967bbf1f46204d4d640b6c71eb063ee9e8b3a0,"E:\codes\ExactEBRP\results\gf_cplex_equivalent_gurobi_replica_round28\runs\stage0_sentinel__moderate_seed4301__c3_replica__120s\external\native_logs\R.0.0.0.0.1.1.1.0_lp.gurobi.log"
R.0.0.0.0.1.1.1.0,MIP,"INFEASIBLE",0,74.3501,0.00800014,0.0159234,0,0,0,0.0297157,1,0,69117d94e5d50703b8ff3ac395967bbf1f46204d4d640b6c71eb063ee9e8b3a0,69117d94e5d50703b8ff3ac395967bbf1f46204d4d640b6c71eb063ee9e8b3a0,"E:\codes\ExactEBRP\results\gf_cplex_equivalent_gurobi_replica_round28\runs\stage0_sentinel__moderate_seed4301__c3_replica__120s\external\native_logs\R.0.0.0.0.1.1.1.0_terminal_mip.gurobi.log"
R.0.0.0.1.1,LP,"OPTIMAL",0,74.1796,0.15,0.427879,0,2038,0,0.0297157,1,0,1b3c3f8c8189993a8e9274f7e932a635dcf069f2bfb5cb440201540426ab9e51,1b3c3f8c8189993a8e9274f7e932a635dcf069f2bfb5cb440201540426ab9e51,"E:\codes\ExactEBRP\results\gf_cplex_equivalent_gurobi_replica_round28\runs\stage0_sentinel__moderate_seed4301__c3_replica__120s\external\native_logs\R.0.0.0.1.1_lp.gurobi.log"
R.0.0.0.1.0,LP,"OPTIMAL",0,73.8668,0.141,0.401163,0,1693,0,0.0297157,1,0,87f66d593f036645dfa634266e53e9bc8056ad2058704dd9a8f304decc491d91,87f66d593f036645dfa634266e53e9bc8056ad2058704dd9a8f304decc491d91,"E:\codes\ExactEBRP\results\gf_cplex_equivalent_gurobi_replica_round28\runs\stage0_sentinel__moderate_seed4301__c3_replica__120s\external\native_logs\R.0.0.0.1.0_lp.gurobi.log"
R.0.0.0.1.0.0,LP,"OPTIMAL",0,73.5609,0.157,0.443475,0,1751,0,0.0297157,1,0,eff761860988820aac3336a5ad3cbefe36f355a6cb1d2e4745b41eb5f6a78fd9,eff761860988820aac3336a5ad3cbefe36f355a6cb1d2e4745b41eb5f6a78fd9,"E:\codes\ExactEBRP\results\gf_cplex_equivalent_gurobi_replica_round28\runs\stage0_sentinel__moderate_seed4301__c3_replica__120s\external\native_logs\R.0.0.0.1.0.0_lp.gurobi.log"
R.0.0.0.1.0.1,LP,"OPTIMAL",0,73.2383,0.156,0.446298,0,1829,0,0.0297157,1,0,0b27a8ac83b1f3f2a22f773219d01425a84f3aa81f780e67a5137588c99e1803,0b27a8ac83b1f3f2a22f773219d01425a84f3aa81f780e67a5137588c99e1803,"E:\codes\ExactEBRP\results\gf_cplex_equivalent_gurobi_replica_round28\runs\stage0_sentinel__moderate_seed4301__c3_replica__120s\external\native_logs\R.0.0.0.1.0.1_lp.gurobi.log"
R.0.0.0.1.0.0.0,LP,"OPTIMAL",0,72.9181,0.134,0.380525,0,1546,0,0.0297157,1,0,6fa6039f7dbd0960357a6a58249a95031b45c71cf59f7205a2f1a91db9b2d39b,6fa6039f7dbd0960357a6a58249a95031b45c71cf59f7205a2f1a91db9b2d39b,"E:\codes\ExactEBRP\results\gf_cplex_equivalent_gurobi_replica_round28\runs\stage0_sentinel__moderate_seed4301__c3_replica__120s\external\native_logs\R.0.0.0.1.0.0.0_lp.gurobi.log"
R.0.0.0.1.0.0.1,LP,"OPTIMAL",0,72.621,0.154,0.433782,0,1659,0,0.0297157,1,0,e7b0a7184889cfcfd6ce7e3a7f7c3fab1e937d29c01f840a8105413c81a1a943,e7b0a7184889cfcfd6ce7e3a7f7c3fab1e937d29c01f840a8105413c81a1a943,"E:\codes\ExactEBRP\results\gf_cplex_equivalent_gurobi_replica_round28\runs\stage0_sentinel__moderate_seed4301__c3_replica__120s\external\native_logs\R.0.0.0.1.0.0.1_lp.gurobi.log"
R.0.0.0.1.0.0.0.0,LP,"OPTIMAL",0,72.3027,0.16,0.456396,0,1925,0,0.0297157,1,0,d09e284a8e8377a0184a30863441bfe14fe01c7b0a690f488870b3beabd1d5ed,d09e284a8e8377a0184a30863441bfe14fe01c7b0a690f488870b3beabd1d5ed,"E:\codes\ExactEBRP\results\gf_cplex_equivalent_gurobi_replica_round28\runs\stage0_sentinel__moderate_seed4301__c3_replica__120s\external\native_logs\R.0.0.0.1.0.0.0.0_lp.gurobi.log"
R.0.0.0.1.0.0.0.0,MIP,"INFEASIBLE",0,72.1074,0.0079999,0.0159617,0,0,0,0.0297157,1,0,d09e284a8e8377a0184a30863441bfe14fe01c7b0a690f488870b3beabd1d5ed,d09e284a8e8377a0184a30863441bfe14fe01c7b0a690f488870b3beabd1d5ed,"E:\codes\ExactEBRP\results\gf_cplex_equivalent_gurobi_replica_round28\runs\stage0_sentinel__moderate_seed4301__c3_replica__120s\external\native_logs\R.0.0.0.1.0.0.0.0_terminal_mip.gurobi.log"
R.0.0.0.1.0.0.0.1,LP,"OPTIMAL",0,71.9384,0.146,0.417712,0,1730,0,0.0297157,1,0,dc877f94eecf17d0e72a0202cd9b71c93dc22b14a77e2118a96082c90a700429,dc877f94eecf17d0e72a0202cd9b71c93dc22b14a77e2118a96082c90a700429,"E:\codes\ExactEBRP\results\gf_cplex_equivalent_gurobi_replica_round28\runs\stage0_sentinel__moderate_seed4301__c3_replica__120s\external\native_logs\R.0.0.0.1.0.0.0.1_lp.gurobi.log"
R.0.0.0.1.0.0.0.1,MIP,"INFEASIBLE",0,71.7582,0.00700021,0.0160131,0,0,0,0.0297157,1,0,dc877f94eecf17d0e72a0202cd9b71c93dc22b14a77e2118a96082c90a700429,dc877f94eecf17d0e72a0202cd9b71c93dc22b14a77e2118a96082c90a700429,"E:\codes\ExactEBRP\results\gf_cplex_equivalent_gurobi_replica_round28\runs\stage0_sentinel__moderate_seed4301__c3_replica__120s\external\native_logs\R.0.0.0.1.0.0.0.1_terminal_mip.gurobi.log"
R.0.0.0.1.0.0.1.0,LP,"OPTIMAL",0,71.5903,0.154,0.434712,0,1773,0,0.0297157,1,0,6f5fffef2813244fb278582783495579048303c232ca78167b641823ec0030a0,6f5fffef2813244fb278582783495579048303c232ca78167b641823ec0030a0,"E:\codes\ExactEBRP\results\gf_cplex_equivalent_gurobi_replica_round28\runs\stage0_sentinel__moderate_seed4301__c3_replica__120s\external\native_logs\R.0.0.0.1.0.0.1.0_lp.gurobi.log"
R.0.0.0.1.0.0.1.0,MIP,"INFEASIBLE",0,71.4027,0.0079999,0.0160188,0,0,0,0.0297157,1,0,6f5fffef2813244fb278582783495579048303c232ca78167b641823ec0030a0,6f5fffef2813244fb278582783495579048303c232ca78167b641823ec0030a0,"E:\codes\ExactEBRP\results\gf_cplex_equivalent_gurobi_replica_round28\runs\stage0_sentinel__moderate_seed4301__c3_replica__120s\external\native_logs\R.0.0.0.1.0.0.1.0_terminal_mip.gurobi.log"
R.0.0.0.1.0.0.1.1,LP,"OPTIMAL",0,71.2332,0.143,0.399159,0,1534,0,0.0297157,1,0,351e8bb0b1c46c69ac326456174d222345b38df4b5d53525e7b09edbe24107a7,351e8bb0b1c46c69ac326456174d222345b38df4b5d53525e7b09edbe24107a7,"E:\codes\ExactEBRP\results\gf_cplex_equivalent_gurobi_replica_round28\runs\stage0_sentinel__moderate_seed4301__c3_replica__120s\external\native_logs\R.0.0.0.1.0.0.1.1_lp.gurobi.log"
R.0.0.0.1.0.0.1.1,MIP,"INFEASIBLE",0,71.0577,0.0079999,0.0159565,0,0,0,0.0297157,1,0,351e8bb0b1c46c69ac326456174d222345b38df4b5d53525e7b09edbe24107a7,351e8bb0b1c46c69ac326456174d222345b38df4b5d53525e7b09edbe24107a7,"E:\codes\ExactEBRP\results\gf_cplex_equivalent_gurobi_replica_round28\runs\stage0_sentinel__moderate_seed4301__c3_replica__120s\external\native_logs\R.0.0.0.1.0.0.1.1_terminal_mip.gurobi.log"
R.0.0.0.1.0.1.0,LP,"OPTIMAL",0,70.8895,0.14,0.402457,0,1612,0,0.0297157,1,0,32c0679626c4dd56968a5ef2f0612cf03c42080ddda8a8c6e8ab2c9d3fb305f0,32c0679626c4dd56968a5ef2f0612cf03c42080ddda8a8c6e8ab2c9d3fb305f0,"E:\codes\ExactEBRP\results\gf_cplex_equivalent_gurobi_replica_round28\runs\stage0_sentinel__moderate_seed4301__c3_replica__120s\external\native_logs\R.0.0.0.1.0.1.0_lp.gurobi.log"
R.0.0.0.1.0.1.1,LP,"OPTIMAL",0,70.5873,0.139,0.403162,0,1695,0,0.0297157,1,0,a4791d0f533d4c0222ddcadb3ae2d56f3107ff141d47c6ac552d195763054d7a,a4791d0f533d4c0222ddcadb3ae2d56f3107ff141d47c6ac552d195763054d7a,"E:\codes\ExactEBRP\results\gf_cplex_equivalent_gurobi_replica_round28\runs\stage0_sentinel__moderate_seed4301__c3_replica__120s\external\native_logs\R.0.0.0.1.0.1.1_lp.gurobi.log"
R.0.0.0.1.0.1.0.0,LP,"OPTIMAL",0,70.2864,0.151,0.435028,0,1796,0,0.0297157,1,0,ece959c6e745e5b9bd6ae74e1e545325e04b2045a1779df9e60892758d013cd4,ece959c6e745e5b9bd6ae74e1e545325e04b2045a1779df9e60892758d013cd4,"E:\codes\ExactEBRP\results\gf_cplex_equivalent_gurobi_replica_round28\runs\stage0_sentinel__moderate_seed4301__c3_replica__120s\external\native_logs\R.0.0.0.1.0.1.0.0_lp.gurobi.log"
R.0.0.0.1.0.1.0.0,MIP,"INFEASIBLE",0,70.1029,0.0079999,0.0158877,0,0,0,0.0297157,1,0,ece959c6e745e5b9bd6ae74e1e545325e04b2045a1779df9e60892758d013cd4,ece959c6e745e5b9bd6ae74e1e545325e04b2045a1779df9e60892758d013cd4,"E:\codes\ExactEBRP\results\gf_cplex_equivalent_gurobi_replica_round28\runs\stage0_sentinel__moderate_seed4301__c3_replica__120s\external\native_logs\R.0.0.0.1.0.1.0.0_terminal_mip.gurobi.log"
R.0.0.0.1.0.1.0.1,LP,"OPTIMAL",0,69.9348,0.135,0.397397,0,1593,0,0.0297157,1,0,852724c43fc4d00f89ebe90b486c6b2712c3cfd1d936e98e05c027463caf0725,852724c43fc4d00f89ebe90b486c6b2712c3cfd1d936e98e05c027463caf0725,"E:\codes\ExactEBRP\results\gf_cplex_equivalent_gurobi_replica_round28\runs\stage0_sentinel__moderate_seed4301__c3_replica__120s\external\native_logs\R.0.0.0.1.0.1.0.1_lp.gurobi.log"
R.0.0.0.1.0.1.0.1,MIP,"INFEASIBLE",0,69.7671,0.0079999,0.0158681,0,0,0,0.0297157,1,0,852724c43fc4d00f89ebe90b486c6b2712c3cfd1d936e98e05c027463caf0725,852724c43fc4d00f89ebe90b486c6b2712c3cfd1d936e98e05c027463caf0725,"E:\codes\ExactEBRP\results\gf_cplex_equivalent_gurobi_replica_round28\runs\stage0_sentinel__moderate_seed4301__c3_replica__120s\external\native_logs\R.0.0.0.1.0.1.0.1_terminal_mip.gurobi.log"
R.0.0.0.1.0.1.1.0,LP,"OPTIMAL",0,69.5989,0.134,0.381733,0,1644,0,0.0297157,1,0,16359bb098cbd83da2a48782a5ed01795498675a77803f126f709a40f48de3ca,16359bb098cbd83da2a48782a5ed01795498675a77803f126f709a40f48de3ca,"E:\codes\ExactEBRP\results\gf_cplex_equivalent_gurobi_replica_round28\runs\stage0_sentinel__moderate_seed4301__c3_replica__120s\external\native_logs\R.0.0.0.1.0.1.1.0_lp.gurobi.log"
R.0.0.0.1.0.1.1.0,MIP,"INFEASIBLE",0,69.4308,0.00700021,0.0164216,0,0,0,0.0297157,1,0,16359bb098cbd83da2a48782a5ed01795498675a77803f126f709a40f48de3ca,16359bb098cbd83da2a48782a5ed01795498675a77803f126f709a40f48de3ca,"E:\codes\ExactEBRP\results\gf_cplex_equivalent_gurobi_replica_round28\runs\stage0_sentinel__moderate_seed4301__c3_replica__120s\external\native_logs\R.0.0.0.1.0.1.1.0_terminal_mip.gurobi.log"
R.0.0.0.1.0.1.1.1,LP,"OPTIMAL",0,69.2576,0.144,0.434885,0,1738,0,0.0297157,1,0,c5332ab796420fbaae92db7ffc4bada4d8e986a9870dedbbd4327a4d6f56469f,c5332ab796420fbaae92db7ffc4bada4d8e986a9870dedbbd4327a4d6f56469f,"E:\codes\ExactEBRP\results\gf_cplex_equivalent_gurobi_replica_round28\runs\stage0_sentinel__moderate_seed4301__c3_replica__120s\external\native_logs\R.0.0.0.1.0.1.1.1_lp.gurobi.log"
R.0.0.0.1.0.1.1.1,MIP,"INFEASIBLE",0,69.0782,0.0079999,0.0164228,0,0,0,0.0297157,1,0,c5332ab796420fbaae92db7ffc4bada4d8e986a9870dedbbd4327a4d6f56469f,c5332ab796420fbaae92db7ffc4bada4d8e986a9870dedbbd4327a4d6f56469f,"E:\codes\ExactEBRP\results\gf_cplex_equivalent_gurobi_replica_round28\runs\stage0_sentinel__moderate_seed4301__c3_replica__120s\external\native_logs\R.0.0.0.1.0.1.1.1_terminal_mip.gurobi.log"
R.0.0.0.1.1.1,LP,"OPTIMAL",0,68.907,0.139,0.394873,0,1561,0,0.0297157,1,0,c1a57c5b7d82d46f05deea397aa5a6d706bc07a26a8e31862b5b3c39c36c20a3,c1a57c5b7d82d46f05deea397aa5a6d706bc07a26a8e31862b5b3c39c36c20a3,"E:\codes\ExactEBRP\results\gf_cplex_equivalent_gurobi_replica_round28\runs\stage0_sentinel__moderate_seed4301__c3_replica__120s\external\native_logs\R.0.0.0.1.1.1_lp.gurobi.log"
R.0.0.0.1.1.0,LP,"OPTIMAL",0,68.6028,0.158,0.462116,0,1761,0,0.0297157,1,0,210db0fe13e4b49f98a57609e70b0af399100ae5862bfa8a5e5818b928634c73,210db0fe13e4b49f98a57609e70b0af399100ae5862bfa8a5e5818b928634c73,"E:\codes\ExactEBRP\results\gf_cplex_equivalent_gurobi_replica_round28\runs\stage0_sentinel__moderate_seed4301__c3_replica__120s\external\native_logs\R.0.0.0.1.1.0_lp.gurobi.log"
R.0.0.0.1.1.0.0,LP,"OPTIMAL",0,68.28,0.143,0.415771,0,1726,0,0.0297157,1,0,6ea1f698edb7b76ce837d21e43ebd7608220bcaa617bed3088d117795ff7459e,6ea1f698edb7b76ce837d21e43ebd7608220bcaa617bed3088d117795ff7459e,"E:\codes\ExactEBRP\results\gf_cplex_equivalent_gurobi_replica_round28\runs\stage0_sentinel__moderate_seed4301__c3_replica__120s\external\native_logs\R.0.0.0.1.1.0.0_lp.gurobi.log"
R.0.0.0.1.1.0.1,LP,"OPTIMAL",0,67.9754,0.159,0.463013,0,1826,0,0.0297157,1,0,ebd4e207c88f3a04b8d82aa8f623006f79035516ef80451d0e941d9f349c8f9b,ebd4e207c88f3a04b8d82aa8f623006f79035516ef80451d0e941d9f349c8f9b,"E:\codes\ExactEBRP\results\gf_cplex_equivalent_gurobi_replica_round28\runs\stage0_sentinel__moderate_seed4301__c3_replica__120s\external\native_logs\R.0.0.0.1.1.0.1_lp.gurobi.log"
R.0.0.0.1.1.0.0.0,LP,"OPTIMAL",0,67.6532,0.148,0.424897,0,1714,0,0.0297157,1,0,c213f86d10ebfbdade9e51f307899607720f76d4ba2a2c7825f0d26d6e0dfe00,c213f86d10ebfbdade9e51f307899607720f76d4ba2a2c7825f0d26d6e0dfe00,"E:\codes\ExactEBRP\results\gf_cplex_equivalent_gurobi_replica_round28\runs\stage0_sentinel__moderate_seed4301__c3_replica__120s\external\native_logs\R.0.0.0.1.1.0.0.0_lp.gurobi.log"
R.0.0.0.1.1.0.0.0,MIP,"INFEASIBLE",0,67.4707,0.0079999,0.0164539,0,0,0,0.0297157,1,0,c213f86d10ebfbdade9e51f307899607720f76d4ba2a2c7825f0d26d6e0dfe00,c213f86d10ebfbdade9e51f307899607720f76d4ba2a2c7825f0d26d6e0dfe00,"E:\codes\ExactEBRP\results\gf_cplex_equivalent_gurobi_replica_round28\runs\stage0_sentinel__moderate_seed4301__c3_replica__120s\external\native_logs\R.0.0.0.1.1.0.0.0_terminal_mip.gurobi.log"
R.0.0.0.1.1.0.0.1,LP,"OPTIMAL",0,67.3015,0.143,0.412016,0,1712,0,0.0297157,1,0,18569ac724d565b1a492c38caa5a32c1979905ba4517b5d011ee6484616b537a,18569ac724d565b1a492c38caa5a32c1979905ba4517b5d011ee6484616b537a,"E:\codes\ExactEBRP\results\gf_cplex_equivalent_gurobi_replica_round28\runs\stage0_sentinel__moderate_seed4301__c3_replica__120s\external\native_logs\R.0.0.0.1.1.0.0.1_lp.gurobi.log"
R.0.0.0.1.1.0.0.1,MIP,"INFEASIBLE",0,67.1249,0.114,0.256102,0,0,0,0.0297157,1,0,18569ac724d565b1a492c38caa5a32c1979905ba4517b5d011ee6484616b537a,18569ac724d565b1a492c38caa5a32c1979905ba4517b5d011ee6484616b537a,"E:\codes\ExactEBRP\results\gf_cplex_equivalent_gurobi_replica_round28\runs\stage0_sentinel__moderate_seed4301__c3_replica__120s\external\native_logs\R.0.0.0.1.1.0.0.1_terminal_mip.gurobi.log"
R.0.0.0.1.1.0.1.0,LP,"OPTIMAL",0,66.8482,0.159,0.455677,0,1933,0,0.0297157,1,0,cff6f30c3da718be70e2b3c8df15a4603f02ffc29b077386ea8954575e43fe78,cff6f30c3da718be70e2b3c8df15a4603f02ffc29b077386ea8954575e43fe78,"E:\codes\ExactEBRP\results\gf_cplex_equivalent_gurobi_replica_round28\runs\stage0_sentinel__moderate_seed4301__c3_replica__120s\external\native_logs\R.0.0.0.1.1.0.1.0_lp.gurobi.log"
R.0.0.0.1.1.0.1.0,MIP,"INFEASIBLE",0,66.6555,0.114,0.256108,0,0,0,0.0297157,1,0,cff6f30c3da718be70e2b3c8df15a4603f02ffc29b077386ea8954575e43fe78,cff6f30c3da718be70e2b3c8df15a4603f02ffc29b077386ea8954575e43fe78,"E:\codes\ExactEBRP\results\gf_cplex_equivalent_gurobi_replica_round28\runs\stage0_sentinel__moderate_seed4301__c3_replica__120s\external\native_logs\R.0.0.0.1.1.0.1.0_terminal_mip.gurobi.log"
R.0.0.0.1.1.0.1.1,LP,"OPTIMAL",0,66.3758,0.152,0.442634,0,1784,0,0.0297157,1,0,f0dcf30ff13e63cc365522dedbe19019d26304a5b0e34481b6c51ac15b765d7b,f0dcf30ff13e63cc365522dedbe19019d26304a5b0e34481b6c51ac15b765d7b,"E:\codes\ExactEBRP\results\gf_cplex_equivalent_gurobi_replica_round28\runs\stage0_sentinel__moderate_seed4301__c3_replica__120s\external\native_logs\R.0.0.0.1.1.0.1.1_lp.gurobi.log"
R.0.0.0.1.1.0.1.1,MIP,"INFEASIBLE",0,66.1895,0.215,0.396588,0,0,0,0.0297157,1,0,f0dcf30ff13e63cc365522dedbe19019d26304a5b0e34481b6c51ac15b765d7b,f0dcf30ff13e63cc365522dedbe19019d26304a5b0e34481b6c51ac15b765d7b,"E:\codes\ExactEBRP\results\gf_cplex_equivalent_gurobi_replica_round28\runs\stage0_sentinel__moderate_seed4301__c3_replica__120s\external\native_logs\R.0.0.0.1.1.0.1.1_terminal_mip.gurobi.log"
R.0.0.0.1.1.1.1,LP,"OPTIMAL",0,65.8129,0.143,0.409857,0,1669,0,0.0297157,1,0,ef380d98f026330b30ff696d343695b7f0fe6fbf6c952ca77461c1da9f99b968,ef380d98f026330b30ff696d343695b7f0fe6fbf6c952ca77461c1da9f99b968,"E:\codes\ExactEBRP\results\gf_cplex_equivalent_gurobi_replica_round28\runs\stage0_sentinel__moderate_seed4301__c3_replica__120s\external\native_logs\R.0.0.0.1.1.1.1_lp.gurobi.log"
R.0.0.0.1.1.1.0,LP,"OPTIMAL",0,65.5065,0.154,0.447437,0,1705,0,0.0297157,1,0,0e1306b849d6972698ad4f4d5b8a63bd9af5c634061117912839cf9fd5d04540,0e1306b849d6972698ad4f4d5b8a63bd9af5c634061117912839cf9fd5d04540,"E:\codes\ExactEBRP\results\gf_cplex_equivalent_gurobi_replica_round28\runs\stage0_sentinel__moderate_seed4301__c3_replica__120s\external\native_logs\R.0.0.0.1.1.1.0_lp.gurobi.log"
R.0.0.0.1.1.1.0.0,LP,"OPTIMAL",0,65.1879,0.171,0.509807,0,1955,0,0.0297157,1,0,9d4ba1d6dde54681ec5b74ac66d9f818d2e0d5377cfd7c83468141e661360baa,9d4ba1d6dde54681ec5b74ac66d9f818d2e0d5377cfd7c83468141e661360baa,"E:\codes\ExactEBRP\results\gf_cplex_equivalent_gurobi_replica_round28\runs\stage0_sentinel__moderate_seed4301__c3_replica__120s\external\native_logs\R.0.0.0.1.1.1.0.0_lp.gurobi.log"
R.0.0.0.1.1.1.0.0,MIP,"INFEASIBLE",0,64.9813,0.219,0.396714,0,0,0,0.0297157,1,0,9d4ba1d6dde54681ec5b74ac66d9f818d2e0d5377cfd7c83468141e661360baa,9d4ba1d6dde54681ec5b74ac66d9f818d2e0d5377cfd7c83468141e661360baa,"E:\codes\ExactEBRP\results\gf_cplex_equivalent_gurobi_replica_round28\runs\stage0_sentinel__moderate_seed4301__c3_replica__120s\external\native_logs\R.0.0.0.1.1.1.0.0_terminal_mip.gurobi.log"
R.0.0.0.1.1.1.0.1,LP,"OPTIMAL",0,64.5944,0.136,0.381709,0,1602,0,0.0297157,1,0,2d991ccf34ab94c8bdd72a7018e487413af213063c40124bd547ec86d505584f,2d991ccf34ab94c8bdd72a7018e487413af213063c40124bd547ec86d505584f,"E:\codes\ExactEBRP\results\gf_cplex_equivalent_gurobi_replica_round28\runs\stage0_sentinel__moderate_seed4301__c3_replica__120s\external\native_logs\R.0.0.0.1.1.1.0.1_lp.gurobi.log"
R.0.0.0.1.1.1.0.1,MIP,"INFEASIBLE",0,64.425,0.22,0.396782,0,0,0,0.0297157,1,0,2d991ccf34ab94c8bdd72a7018e487413af213063c40124bd547ec86d505584f,2d991ccf34ab94c8bdd72a7018e487413af213063c40124bd547ec86d505584f,"E:\codes\ExactEBRP\results\gf_cplex_equivalent_gurobi_replica_round28\runs\stage0_sentinel__moderate_seed4301__c3_replica__120s\external\native_logs\R.0.0.0.1.1.1.0.1_terminal_mip.gurobi.log"
R.0.0.0.1.1.1.1.1,LP,"OPTIMAL",0,64.0375,0.143,0.405453,0,1553,0,0.0297157,1,0,2a042baecab7f571428a3fbbb53d293324e81f16616be68edfe43211aceb8975,2a042baecab7f571428a3fbbb53d293324e81f16616be68edfe43211aceb8975,"E:\codes\ExactEBRP\results\gf_cplex_equivalent_gurobi_replica_round28\runs\stage0_sentinel__moderate_seed4301__c3_replica__120s\external\native_logs\R.0.0.0.1.1.1.1.1_lp.gurobi.log"
R.0.0.0.1.1.1.1.1,MIP,"INFEASIBLE",0,63.8606,0.22,0.396377,0,0,0,0.0297157,1,0,2a042baecab7f571428a3fbbb53d293324e81f16616be68edfe43211aceb8975,2a042baecab7f571428a3fbbb53d293324e81f16616be68edfe43211aceb8975,"E:\codes\ExactEBRP\results\gf_cplex_equivalent_gurobi_replica_round28\runs\stage0_sentinel__moderate_seed4301__c3_replica__120s\external\native_logs\R.0.0.0.1.1.1.1.1_terminal_mip.gurobi.log"
R.0.0.0.1.1.1.1.0,LP,"OPTIMAL",0,63.4796,0.148,0.430928,0,1983,0,0.0297157,1,0,bdc2b7ab1233488068423c7c65ccb180b7877ec06c3bd092bc9e270e45e74201,bdc2b7ab1233488068423c7c65ccb180b7877ec06c3bd092bc9e270e45e74201,"E:\codes\ExactEBRP\results\gf_cplex_equivalent_gurobi_replica_round28\runs\stage0_sentinel__moderate_seed4301__c3_replica__120s\external\native_logs\R.0.0.0.1.1.1.1.0_lp.gurobi.log"
R.0.0.0.1.1.1.1.0,MIP,"INFEASIBLE",0,63.2974,0.216,0.396253,0,0,0,0.0297157,1,0,bdc2b7ab1233488068423c7c65ccb180b7877ec06c3bd092bc9e270e45e74201,bdc2b7ab1233488068423c7c65ccb180b7877ec06c3bd092bc9e270e45e74201,"E:\codes\ExactEBRP\results\gf_cplex_equivalent_gurobi_replica_round28\runs\stage0_sentinel__moderate_seed4301__c3_replica__120s\external\native_logs\R.0.0.0.1.1.1.1.0_terminal_mip.gurobi.log"
R.0.0.1.1,LP,"OPTIMAL",0,62.9192,0.158,0.475228,0,2112,0,0.0297157,1,0,f4929c430499bfdb78969413f1becc02f051f0c666d74458b88f4bc43e3a3b41,f4929c430499bfdb78969413f1becc02f051f0c666d74458b88f4bc43e3a3b41,"E:\codes\ExactEBRP\results\gf_cplex_equivalent_gurobi_replica_round28\runs\stage0_sentinel__moderate_seed4301__c3_replica__120s\external\native_logs\R.0.0.1.1_lp.gurobi.log"
R.0.0.1.0,LP,"OPTIMAL",0,62.5997,0.131,0.389297,0,1646,0,0.0297157,1,0,0ecde73fdfa337e566e91760bb06e08897a8e595d2aa0bc7b442db683d1b6108,0ecde73fdfa337e566e91760bb06e08897a8e595d2aa0bc7b442db683d1b6108,"E:\codes\ExactEBRP\results\gf_cplex_equivalent_gurobi_replica_round28\runs\stage0_sentinel__moderate_seed4301__c3_replica__120s\external\native_logs\R.0.0.1.0_lp.gurobi.log"
R.0.0.1.0.0,LP,"OPTIMAL",0,62.3054,0.129,0.37749,0,1611,0,0.0297157,1,0,f4e803498ca1e5f4e18f9e57151d81b2145da90182303b18175f4f62745e11d6,f4e803498ca1e5f4e18f9e57151d81b2145da90182303b18175f4f62745e11d6,"E:\codes\ExactEBRP\results\gf_cplex_equivalent_gurobi_replica_round28\runs\stage0_sentinel__moderate_seed4301__c3_replica__120s\external\native_logs\R.0.0.1.0.0_lp.gurobi.log"
R.0.0.1.0.1,LP,"OPTIMAL",0,62.0157,0.129,0.37965,0,1698,0,0.0297157,1,0,b5db3ca39c29c9a0bcaac123751e2896ba4a98f1ca20b031396f5dcae4201426,b5db3ca39c29c9a0bcaac123751e2896ba4a98f1ca20b031396f5dcae4201426,"E:\codes\ExactEBRP\results\gf_cplex_equivalent_gurobi_replica_round28\runs\stage0_sentinel__moderate_seed4301__c3_replica__120s\external\native_logs\R.0.0.1.0.1_lp.gurobi.log"
R.0.0.1.0.0.0,LP,"OPTIMAL",0,61.7216,0.123,0.354019,0,1559,0,0.0297157,1,0,70e1e96971ad8bfc36f903272f535a2f374017e1128cf81f63c4e9256b6b4989,70e1e96971ad8bfc36f903272f535a2f374017e1128cf81f63c4e9256b6b4989,"E:\codes\ExactEBRP\results\gf_cplex_equivalent_gurobi_replica_round28\runs\stage0_sentinel__moderate_seed4301__c3_replica__120s\external\native_logs\R.0.0.1.0.0.0_lp.gurobi.log"
R.0.0.1.0.0.1,LP,"OPTIMAL",0,61.4349,0.142,0.409775,0,1811,0,0.0297157,1,0,faf8be01e603123dabe1ea0f45bd7f01ed6c423dc39b7eb552d7ccf3429f3f63,faf8be01e603123dabe1ea0f45bd7f01ed6c423dc39b7eb552d7ccf3429f3f63,"E:\codes\ExactEBRP\results\gf_cplex_equivalent_gurobi_replica_round28\runs\stage0_sentinel__moderate_seed4301__c3_replica__120s\external\native_logs\R.0.0.1.0.0.1_lp.gurobi.log"
R.0.0.1.0.0.0.0,LP,"OPTIMAL",0,61.1318,0.14,0.417543,0,1860,0,0.0297157,1,0,e31248775e71021b313162a41059a56446c54ae213f3e5a7d5a584d1697521e3,e31248775e71021b313162a41059a56446c54ae213f3e5a7d5a584d1697521e3,"E:\codes\ExactEBRP\results\gf_cplex_equivalent_gurobi_replica_round28\runs\stage0_sentinel__moderate_seed4301__c3_replica__120s\external\native_logs\R.0.0.1.0.0.0.0_lp.gurobi.log"
R.0.0.1.0.0.0.1,LP,"OPTIMAL",0,60.8302,0.127,0.367968,0,1597,0,0.0297157,1,0,3be58c356d8aa6e4492650e47d562f064bc7ae93d3d49939d7065cceb3326db5,3be58c356d8aa6e4492650e47d562f064bc7ae93d3d49939d7065cceb3326db5,"E:\codes\ExactEBRP\results\gf_cplex_equivalent_gurobi_replica_round28\runs\stage0_sentinel__moderate_seed4301__c3_replica__120s\external\native_logs\R.0.0.1.0.0.0.1_lp.gurobi.log"
R.0.0.1.0.0.0.0.0,LP,"OPTIMAL",0,60.539,0.132,0.375617,0,1588,0,0.0297157,1,0,1d6a9e4763c9adf1fad8fc5c7a10b7a50267a5ba4ef89cc037758f838021a8ab,1d6a9e4763c9adf1fad8fc5c7a10b7a50267a5ba4ef89cc037758f838021a8ab,"E:\codes\ExactEBRP\results\gf_cplex_equivalent_gurobi_replica_round28\runs\stage0_sentinel__moderate_seed4301__c3_replica__120s\external\native_logs\R.0.0.1.0.0.0.0.0_lp.gurobi.log"
R.0.0.1.0.0.0.0.0,MIP,"INFEASIBLE",0,60.3723,0.303,0.494437,0,0,0,0.0297157,1,0,1d6a9e4763c9adf1fad8fc5c7a10b7a50267a5ba4ef89cc037758f838021a8ab,1d6a9e4763c9adf1fad8fc5c7a10b7a50267a5ba4ef89cc037758f838021a8ab,"E:\codes\ExactEBRP\results\gf_cplex_equivalent_gurobi_replica_round28\runs\stage0_sentinel__moderate_seed4301__c3_replica__120s\external\native_logs\R.0.0.1.0.0.0.0.0_terminal_mip.gurobi.log"
R.0.0.1.0.0.0.0.1,LP,"OPTIMAL",0,59.9062,0.138,0.40972,0,1830,0,0.0297157,1,0,07683977f5ef1200ea0b6e877c0815413b37fd0a9d981cd2d49d74ac5066c9ab,07683977f5ef1200ea0b6e877c0815413b37fd0a9d981cd2d49d74ac5066c9ab,"E:\codes\ExactEBRP\results\gf_cplex_equivalent_gurobi_replica_round28\runs\stage0_sentinel__moderate_seed4301__c3_replica__120s\external\native_logs\R.0.0.1.0.0.0.0.1_lp.gurobi.log"
R.0.0.1.0.0.0.0.1,MIP,"INFEASIBLE",0,59.7317,0.301,0.494635,0,0,0,0.0297157,1,0,07683977f5ef1200ea0b6e877c0815413b37fd0a9d981cd2d49d74ac5066c9ab,07683977f5ef1200ea0b6e877c0815413b37fd0a9d981cd2d49d74ac5066c9ab,"E:\codes\ExactEBRP\results\gf_cplex_equivalent_gurobi_replica_round28\runs\stage0_sentinel__moderate_seed4301__c3_replica__120s\external\native_logs\R.0.0.1.0.0.0.0.1_terminal_mip.gurobi.log"
R.0.0.1.0.0.0.1.0,LP,"OPTIMAL",0,59.2663,0.154,0.438337,0,1913,0,0.0297157,1,0,2e8d11b6af66d4a34aa39ed0eb4fe4fcfa6b0566e4b258d0d69fcb5f01e38967,2e8d11b6af66d4a34aa39ed0eb4fe4fcfa6b0566e4b258d0d69fcb5f01e38967,"E:\codes\ExactEBRP\results\gf_cplex_equivalent_gurobi_replica_round28\runs\stage0_sentinel__moderate_seed4301__c3_replica__120s\external\native_logs\R.0.0.1.0.0.0.1.0_lp.gurobi.log"
R.0.0.1.0.0.0.1.0,MIP,"INFEASIBLE",0,59.0779,0.303,0.494743,0,0,0,0.0297157,1,0,2e8d11b6af66d4a34aa39ed0eb4fe4fcfa6b0566e4b258d0d69fcb5f01e38967,2e8d11b6af66d4a34aa39ed0eb4fe4fcfa6b0566e4b258d0d69fcb5f01e38967,"E:\codes\ExactEBRP\results\gf_cplex_equivalent_gurobi_replica_round28\runs\stage0_sentinel__moderate_seed4301__c3_replica__120s\external\native_logs\R.0.0.1.0.0.0.1.0_terminal_mip.gurobi.log"
R.0.0.1.0.0.0.1.1,LP,"OPTIMAL",0,58.6115,0.128,0.37174,0,1558,0,0.0297157,1,0,f960c53236b5699f088f59cb22775f029175dc05622c8513b8666e629c9b4448,f960c53236b5699f088f59cb22775f029175dc05622c8513b8666e629c9b4448,"E:\codes\ExactEBRP\results\gf_cplex_equivalent_gurobi_replica_round28\runs\stage0_sentinel__moderate_seed4301__c3_replica__120s\external\native_logs\R.0.0.1.0.0.0.1.1_lp.gurobi.log"
R.0.0.1.0.0.0.1.1,MIP,"INFEASIBLE",0,58.4498,0.392,0.616338,1,328,0,0.0297157,1,1,f960c53236b5699f088f59cb22775f029175dc05622c8513b8666e629c9b4448,f960c53236b5699f088f59cb22775f029175dc05622c8513b8666e629c9b4448,"E:\codes\ExactEBRP\results\gf_cplex_equivalent_gurobi_replica_round28\runs\stage0_sentinel__moderate_seed4301__c3_replica__120s\external\native_logs\R.0.0.1.0.0.0.1.1_terminal_mip.gurobi.log"
R.0.0.1.0.0.1.0,LP,"OPTIMAL",0,57.896,0.144,0.404468,0,1752,0,0.0297157,1,0,e2cda631782c92a5c9e396933af8392c7c0aa978800bc815119938a4dde13399,e2cda631782c92a5c9e396933af8392c7c0aa978800bc815119938a4dde13399,"E:\codes\ExactEBRP\results\gf_cplex_equivalent_gurobi_replica_round28\runs\stage0_sentinel__moderate_seed4301__c3_replica__120s\external\native_logs\R.0.0.1.0.0.1.0_lp.gurobi.log"
R.0.0.1.0.0.1.1,LP,"OPTIMAL",0,57.5836,0.142,0.41243,0,1802,0,0.0297157,1,0,2056f97eb1ae46ed0f4a92b0aefc24b71a0370271204d690dfe0df306745937f,2056f97eb1ae46ed0f4a92b0aefc24b71a0370271204d690dfe0df306745937f,"E:\codes\ExactEBRP\results\gf_cplex_equivalent_gurobi_replica_round28\runs\stage0_sentinel__moderate_seed4301__c3_replica__120s\external\native_logs\R.0.0.1.0.0.1.1_lp.gurobi.log"
R.0.0.1.0.0.1.0.0,LP,"OPTIMAL",0,57.2796,0.165,0.425158,0,1793,0,0.0297157,1,0,270a8cbbd07298ede0718e049892439a54eee884a8b1f0aed8cdfd9950859c07,270a8cbbd07298ede0718e049892439a54eee884a8b1f0aed8cdfd9950859c07,"E:\codes\ExactEBRP\results\gf_cplex_equivalent_gurobi_replica_round28\runs\stage0_sentinel__moderate_seed4301__c3_replica__120s\external\native_logs\R.0.0.1.0.0.1.0.0_lp.gurobi.log"
R.0.0.1.0.0.1.0.0,MIP,"INFEASIBLE",0,57.0795,0.438,0.666962,1,626,0,0.0297157,1,1,270a8cbbd07298ede0718e049892439a54eee884a8b1f0aed8cdfd9950859c07,270a8cbbd07298ede0718e049892439a54eee884a8b1f0aed8cdfd9950859c07,"E:\codes\ExactEBRP\results\gf_cplex_equivalent_gurobi_replica_round28\runs\stage0_sentinel__moderate_seed4301__c3_replica__120s\external\native_logs\R.0.0.1.0.0.1.0.0_terminal_mip.gurobi.log"
R.0.0.1.0.0.1.0.1,LP,"OPTIMAL",0,56.4772,0.148,0.417249,0,1765,0,0.0297157,1,0,96baf3ecada1bc8935ab4791d11947c6730211bcd1f63827143d73ac3334d13a,96baf3ecada1bc8935ab4791d11947c6730211bcd1f63827143d73ac3334d13a,"E:\codes\ExactEBRP\results\gf_cplex_equivalent_gurobi_replica_round28\runs\stage0_sentinel__moderate_seed4301__c3_replica__120s\external\native_logs\R.0.0.1.0.0.1.0.1_lp.gurobi.log"
R.0.0.1.0.0.1.0.1,MIP,"INFEASIBLE",0,56.2955,0.461,0.703579,1,702,0,0.0301803,1,1,96baf3ecada1bc8935ab4791d11947c6730211bcd1f63827143d73ac3334d13a,96baf3ecada1bc8935ab4791d11947c6730211bcd1f63827143d73ac3334d13a,"E:\codes\ExactEBRP\results\gf_cplex_equivalent_gurobi_replica_round28\runs\stage0_sentinel__moderate_seed4301__c3_replica__120s\external\native_logs\R.0.0.1.0.0.1.0.1_terminal_mip.gurobi.log"
R.0.0.1.0.0.1.1.0,LP,"OPTIMAL",0,55.6743,0.134,0.387946,0,1664,0,0.0301803,1,0,c89b369e3256379f8997a6016ac44a7a577a79ae990c5b21cbb0964c206e404e,c89b369e3256379f8997a6016ac44a7a577a79ae990c5b21cbb0964c206e404e,"E:\codes\ExactEBRP\results\gf_cplex_equivalent_gurobi_replica_round28\runs\stage0_sentinel__moderate_seed4301__c3_replica__120s\external\native_logs\R.0.0.1.0.0.1.1.0_lp.gurobi.log"
R.0.0.1.0.0.1.1.0,MIP,"INFEASIBLE",0,55.5054,0.468,0.730015,1,947,0,0.0309652,1,1,c89b369e3256379f8997a6016ac44a7a577a79ae990c5b21cbb0964c206e404e,c89b369e3256379f8997a6016ac44a7a577a79ae990c5b21cbb0964c206e404e,"E:\codes\ExactEBRP\results\gf_cplex_equivalent_gurobi_replica_round28\runs\stage0_sentinel__moderate_seed4301__c3_replica__120s\external\native_logs\R.0.0.1.0.0.1.1.0_terminal_mip.gurobi.log"
R.0.0.1.0.0.1.1.1,LP,"OPTIMAL",0,54.871,0.142,0.40329,0,1564,0,0.0309652,1,0,27b98ea5505876480fb6280a9fff909cc094a008ef73f96eef6bbd13e119edc5,27b98ea5505876480fb6280a9fff909cc094a008ef73f96eef6bbd13e119edc5,"E:\codes\ExactEBRP\results\gf_cplex_equivalent_gurobi_replica_round28\runs\stage0_sentinel__moderate_seed4301__c3_replica__120s\external\native_logs\R.0.0.1.0.0.1.1.1_lp.gurobi.log"
R.0.0.1.0.0.1.1.1,MIP,"INFEASIBLE",0,54.6949,0.415,0.673284,1,1132,0,0.0309652,1,1,27b98ea5505876480fb6280a9fff909cc094a008ef73f96eef6bbd13e119edc5,27b98ea5505876480fb6280a9fff909cc094a008ef73f96eef6bbd13e119edc5,"E:\codes\ExactEBRP\results\gf_cplex_equivalent_gurobi_replica_round28\runs\stage0_sentinel__moderate_seed4301__c3_replica__120s\external\native_logs\R.0.0.1.0.0.1.1.1_terminal_mip.gurobi.log"
R.0.0.1.0.1.0,LP,"OPTIMAL",0,54.1159,0.138,0.401819,0,1659,0,0.0309652,1,0,3ddbef968afcad7f925bf2aa2a9ccbe1a3f361789b17e509b707f414154d6552,3ddbef968afcad7f925bf2aa2a9ccbe1a3f361789b17e509b707f414154d6552,"E:\codes\ExactEBRP\results\gf_cplex_equivalent_gurobi_replica_round28\runs\stage0_sentinel__moderate_seed4301__c3_replica__120s\external\native_logs\R.0.0.1.0.1.0_lp.gurobi.log"
R.0.0.1.0.1.1,LP,"OPTIMAL",0,53.8155,0.148,0.44404,0,1944,0,0.0309652,1,0,218efddd9c825f429188ee8b0a64204b89fd45e7c1e191105bee3dcbd6b88668,218efddd9c825f429188ee8b0a64204b89fd45e7c1e191105bee3dcbd6b88668,"E:\codes\ExactEBRP\results\gf_cplex_equivalent_gurobi_replica_round28\runs\stage0_sentinel__moderate_seed4301__c3_replica__120s\external\native_logs\R.0.0.1.0.1.1_lp.gurobi.log"
R.0.0.1.0.1.0.0,LP,"OPTIMAL",0,53.5059,0.13,0.365337,0,1645,0,0.0309652,1,0,48df1665dbfb8c61b0dd914cc58b1e8aa3c67096fd800358c0994ae1f25763ae,48df1665dbfb8c61b0dd914cc58b1e8aa3c67096fd800358c0994ae1f25763ae,"E:\codes\ExactEBRP\results\gf_cplex_equivalent_gurobi_replica_round28\runs\stage0_sentinel__moderate_seed4301__c3_replica__120s\external\native_logs\R.0.0.1.0.1.0.0_lp.gurobi.log"
R.0.0.1.0.1.0.1,LP,"OPTIMAL",0,53.133,0.127,0.375727,0,1658,0,0.0309652,1,0,10d753a63176aceaa27b25fe47df3ea864822276f5696bbb80fd6993cd4a9d27,10d753a63176aceaa27b25fe47df3ea864822276f5696bbb80fd6993cd4a9d27,"E:\codes\ExactEBRP\results\gf_cplex_equivalent_gurobi_replica_round28\runs\stage0_sentinel__moderate_seed4301__c3_replica__120s\external\native_logs\R.0.0.1.0.1.0.1_lp.gurobi.log"
R.0.0.1.0.1.0.0.0,LP,"OPTIMAL",0,52.8299,0.132,0.396951,0,1582,0,0.0309652,1,0,f367c65431096875de92b3e5605694d24cb8b3bf32c31d5c5b4d2cd6729471d3,f367c65431096875de92b3e5605694d24cb8b3bf32c31d5c5b4d2cd6729471d3,"E:\codes\ExactEBRP\results\gf_cplex_equivalent_gurobi_replica_round28\runs\stage0_sentinel__moderate_seed4301__c3_replica__120s\external\native_logs\R.0.0.1.0.1.0.0.0_lp.gurobi.log"
R.0.0.1.0.1.0.0.0,MIP,"INFEASIBLE",0,52.6629,0.413,0.691941,1,1344,0,0.0309652,1,1,f367c65431096875de92b3e5605694d24cb8b3bf32c31d5c5b4d2cd6729471d3,f367c65431096875de92b3e5605694d24cb8b3bf32c31d5c5b4d2cd6729471d3,"E:\codes\ExactEBRP\results\gf_cplex_equivalent_gurobi_replica_round28\runs\stage0_sentinel__moderate_seed4301__c3_replica__120s\external\native_logs\R.0.0.1.0.1.0.0.0_terminal_mip.gurobi.log"
R.0.0.1.0.1.0.0.1,LP,"OPTIMAL",0,52.0889,0.135,0.378742,0,1680,0,0.0309652,1,0,3923d28c2f60ced921e13d38058a33d72c5896d56a74a5b32ddaea330eb217da,3923d28c2f60ced921e13d38058a33d72c5896d56a74a5b32ddaea330eb217da,"E:\codes\ExactEBRP\results\gf_cplex_equivalent_gurobi_replica_round28\runs\stage0_sentinel__moderate_seed4301__c3_replica__120s\external\native_logs\R.0.0.1.0.1.0.0.1_lp.gurobi.log"
R.0.0.1.0.1.0.0.1,MIP,"INFEASIBLE",0,51.9191,0.422,0.694351,1,1205,0,0.0309652,1,1,3923d28c2f60ced921e13d38058a33d72c5896d56a74a5b32ddaea330eb217da,3923d28c2f60ced921e13d38058a33d72c5896d56a74a5b32ddaea330eb217da,"E:\codes\ExactEBRP\results\gf_cplex_equivalent_gurobi_replica_round28\runs\stage0_sentinel__moderate_seed4301__c3_replica__120s\external\native_logs\R.0.0.1.0.1.0.0.1_terminal_mip.gurobi.log"
R.0.0.1.0.1.0.1.0,LP,"OPTIMAL",0,51.3341,0.144,0.425759,0,1757,0,0.0309652,1,0,16c5d497fc0367b0a9ef3d3e62eb389cc3dd4d299ba55f41f385422b73855462,16c5d497fc0367b0a9ef3d3e62eb389cc3dd4d299ba55f41f385422b73855462,"E:\codes\ExactEBRP\results\gf_cplex_equivalent_gurobi_replica_round28\runs\stage0_sentinel__moderate_seed4301__c3_replica__120s\external\native_logs\R.0.0.1.0.1.0.1.0_lp.gurobi.log"
R.0.0.1.0.1.0.1.0,MIP,"INFEASIBLE",0,51.1573,0.45,0.7542,1,1634,0,0.0311518,1,1,16c5d497fc0367b0a9ef3d3e62eb389cc3dd4d299ba55f41f385422b73855462,16c5d497fc0367b0a9ef3d3e62eb389cc3dd4d299ba55f41f385422b73855462,"E:\codes\ExactEBRP\results\gf_cplex_equivalent_gurobi_replica_round28\runs\stage0_sentinel__moderate_seed4301__c3_replica__120s\external\native_logs\R.0.0.1.0.1.0.1.0_terminal_mip.gurobi.log"
R.0.0.1.0.1.0.1.1,LP,"OPTIMAL",0,50.539,0.141,0.420536,0,1800,0,0.0311518,1,0,dac81b414f4e471534f44a78e271f854d4b734f711cf90b470788f9f28432a3b,dac81b414f4e471534f44a78e271f854d4b734f711cf90b470788f9f28432a3b,"E:\codes\ExactEBRP\results\gf_cplex_equivalent_gurobi_replica_round28\runs\stage0_sentinel__moderate_seed4301__c3_replica__120s\external\native_logs\R.0.0.1.0.1.0.1.1_lp.gurobi.log"
R.0.0.1.0.1.0.1.1,MIP,"INFEASIBLE",0,50.3646,0.433,0.725579,1,1540,0,0.0311518,1,1,dac81b414f4e471534f44a78e271f854d4b734f711cf90b470788f9f28432a3b,dac81b414f4e471534f44a78e271f854d4b734f711cf90b470788f9f28432a3b,"E:\codes\ExactEBRP\results\gf_cplex_equivalent_gurobi_replica_round28\runs\stage0_sentinel__moderate_seed4301__c3_replica__120s\external\native_logs\R.0.0.1.0.1.0.1.1_terminal_mip.gurobi.log"
R.0.0.1.0.1.1.0,LP,"OPTIMAL",0,49.769,0.123,0.349624,0,1543,0,0.0311518,1,0,4dad11523d671ec76821a841c77c40868b78e93ea6aba89206f668ce9daf3ae2,4dad11523d671ec76821a841c77c40868b78e93ea6aba89206f668ce9daf3ae2,"E:\codes\ExactEBRP\results\gf_cplex_equivalent_gurobi_replica_round28\runs\stage0_sentinel__moderate_seed4301__c3_replica__120s\external\native_logs\R.0.0.1.0.1.1.0_lp.gurobi.log"
R.0.0.1.0.1.1.1,LP,"OPTIMAL",0,49.4824,0.138,0.406629,0,1753,0,0.0311518,1,0,153582dd8847bcedb6b214ab5aa32e60f5f5071476f890b79fbe370a4567ddba,153582dd8847bcedb6b214ab5aa32e60f5f5071476f890b79fbe370a4567ddba,"E:\codes\ExactEBRP\results\gf_cplex_equivalent_gurobi_replica_round28\runs\stage0_sentinel__moderate_seed4301__c3_replica__120s\external\native_logs\R.0.0.1.0.1.1.1_lp.gurobi.log"
R.0.0.1.0.1.1.0.0,LP,"OPTIMAL",0,49.1825,0.137,0.408733,0,1820,0,0.0311518,1,0,b8ad40c418ecf8865f6a3f4cceb7a83d3b2c3af988770319c92e423acef67a6c,b8ad40c418ecf8865f6a3f4cceb7a83d3b2c3af988770319c92e423acef67a6c,"E:\codes\ExactEBRP\results\gf_cplex_equivalent_gurobi_replica_round28\runs\stage0_sentinel__moderate_seed4301__c3_replica__120s\external\native_logs\R.0.0.1.0.1.1.0.0_lp.gurobi.log"
R.0.0.1.0.1.1.0.0,MIP,"INFEASIBLE",0,49.0099,0.438,0.733464,1,1520,0,0.0311925,1,1,b8ad40c418ecf8865f6a3f4cceb7a83d3b2c3af988770319c92e423acef67a6c,b8ad40c418ecf8865f6a3f4cceb7a83d3b2c3af988770319c92e423acef67a6c,"E:\codes\ExactEBRP\results\gf_cplex_equivalent_gurobi_replica_round28\runs\stage0_sentinel__moderate_seed4301__c3_replica__120s\external\native_logs\R.0.0.1.0.1.1.0.0_terminal_mip.gurobi.log"
R.0.0.1.0.1.1.0.1,LP,"OPTIMAL",0,48.4081,0.111,0.323031,0,1398,0,0.0311925,1,0,bc40d2f3ab23640ecfaf10cc55e6472d2f576b36f336f6e33c1e4db5febc7e79,bc40d2f3ab23640ecfaf10cc55e6472d2f576b36f336f6e33c1e4db5febc7e79,"E:\codes\ExactEBRP\results\gf_cplex_equivalent_gurobi_replica_round28\runs\stage0_sentinel__moderate_seed4301__c3_replica__120s\external\native_logs\R.0.0.1.0.1.1.0.1_lp.gurobi.log"
R.0.0.1.0.1.1.0.1,MIP,"INFEASIBLE",0,48.2629,0.477,0.81874,1,2337,0,0.0312027,1,1,bc40d2f3ab23640ecfaf10cc55e6472d2f576b36f336f6e33c1e4db5febc7e79,bc40d2f3ab23640ecfaf10cc55e6472d2f576b36f336f6e33c1e4db5febc7e79,"E:\codes\ExactEBRP\results\gf_cplex_equivalent_gurobi_replica_round28\runs\stage0_sentinel__moderate_seed4301__c3_replica__120s\external\native_logs\R.0.0.1.0.1.1.0.1_terminal_mip.gurobi.log"
R.0.0.1.0.1.1.1.0,LP,"OPTIMAL",0,47.6221,0.137,0.400619,0,1681,0,0.0312027,1,0,421f70aff07df1de9df7f257008a24efe296a1aa02bc155fd22c56f2dfb7558d,421f70aff07df1de9df7f257008a24efe296a1aa02bc155fd22c56f2dfb7558d,"E:\codes\ExactEBRP\results\gf_cplex_equivalent_gurobi_replica_round28\runs\stage0_sentinel__moderate_seed4301__c3_replica__120s\external\native_logs\R.0.0.1.0.1.1.1.0_lp.gurobi.log"
R.0.0.1.0.1.1.1.0,MIP,"INFEASIBLE",0,47.4483,0.494,0.833206,1,2166,0,0.0312027,1,1,421f70aff07df1de9df7f257008a24efe296a1aa02bc155fd22c56f2dfb7558d,421f70aff07df1de9df7f257008a24efe296a1aa02bc155fd22c56f2dfb7558d,"E:\codes\ExactEBRP\results\gf_cplex_equivalent_gurobi_replica_round28\runs\stage0_sentinel__moderate_seed4301__c3_replica__120s\external\native_logs\R.0.0.1.0.1.1.1.0_terminal_mip.gurobi.log"
R.0.0.1.0.1.1.1.1,LP,"OPTIMAL",0,46.7903,0.136,0.416586,0,1758,0,0.0312027,1,0,022d3ddeb925183b0e15b3d2400426a19550a17db9f962f78a3593224459e860,022d3ddeb925183b0e15b3d2400426a19550a17db9f962f78a3593224459e860,"E:\codes\ExactEBRP\results\gf_cplex_equivalent_gurobi_replica_round28\runs\stage0_sentinel__moderate_seed4301__c3_replica__120s\external\native_logs\R.0.0.1.0.1.1.1.1_lp.gurobi.log"
R.0.0.1.0.1.1.1.1,MIP,"INFEASIBLE",0,46.6195,0.531,0.859429,1,1878,0,0.0323452,1,1,022d3ddeb925183b0e15b3d2400426a19550a17db9f962f78a3593224459e860,022d3ddeb925183b0e15b3d2400426a19550a17db9f962f78a3593224459e860,"E:\codes\ExactEBRP\results\gf_cplex_equivalent_gurobi_replica_round28\runs\stage0_sentinel__moderate_seed4301__c3_replica__120s\external\native_logs\R.0.0.1.0.1.1.1.1_terminal_mip.gurobi.log"
R.0.0.1.1.1,LP,"OPTIMAL",0,45.9253,0.133,0.394017,0,1703,0,0.0323452,1,0,bd5fc5ce56ad0f4e4cd3dba8ec7f03aa1a71755f6f470218c96ff58079274725,bd5fc5ce56ad0f4e4cd3dba8ec7f03aa1a71755f6f470218c96ff58079274725,"E:\codes\ExactEBRP\results\gf_cplex_equivalent_gurobi_replica_round28\runs\stage0_sentinel__moderate_seed4301__c3_replica__120s\external\native_logs\R.0.0.1.1.1_lp.gurobi.log"
R.0.0.1.1.0,LP,"OPTIMAL",0,45.6296,0.148,0.420216,0,1775,0,0.0323452,1,0,07e19aa8224704cbc2bab1d6a14c934991226ec965893e6f27448fbcf1eceb30,07e19aa8224704cbc2bab1d6a14c934991226ec965893e6f27448fbcf1eceb30,"E:\codes\ExactEBRP\results\gf_cplex_equivalent_gurobi_replica_round28\runs\stage0_sentinel__moderate_seed4301__c3_replica__120s\external\native_logs\R.0.0.1.1.0_lp.gurobi.log"
R.0.0.1.1.0.0,LP,"OPTIMAL",0,45.3187,0.143,0.429371,0,1918,0,0.0323452,1,0,414c41b8a8979acdb7c91240f9216995449e4ccc21ab1c8617bd227f491460dd,414c41b8a8979acdb7c91240f9216995449e4ccc21ab1c8617bd227f491460dd,"E:\codes\ExactEBRP\results\gf_cplex_equivalent_gurobi_replica_round28\runs\stage0_sentinel__moderate_seed4301__c3_replica__120s\external\native_logs\R.0.0.1.1.0.0_lp.gurobi.log"
R.0.0.1.1.0.1,LP,"OPTIMAL",0,45.0119,0.133,0.391326,0,1674,0,0.0323452,1,0,08a7a8b2873cd93c579d760ae3dbb52a7943b736ed30ef10602b2129307fb841,08a7a8b2873cd93c579d760ae3dbb52a7943b736ed30ef10602b2129307fb841,"E:\codes\ExactEBRP\results\gf_cplex_equivalent_gurobi_replica_round28\runs\stage0_sentinel__moderate_seed4301__c3_replica__120s\external\native_logs\R.0.0.1.1.0.1_lp.gurobi.log"
R.0.0.1.1.0.0.0,LP,"OPTIMAL",0,44.7151,0.132,0.382135,0,1620,0,0.0323452,1,0,b972c6ad9a6a4a565e3fa937f3c923dc897c765450b9fff0031b6852bb31b1a4,b972c6ad9a6a4a565e3fa937f3c923dc897c765450b9fff0031b6852bb31b1a4,"E:\codes\ExactEBRP\results\gf_cplex_equivalent_gurobi_replica_round28\runs\stage0_sentinel__moderate_seed4301__c3_replica__120s\external\native_logs\R.0.0.1.1.0.0.0_lp.gurobi.log"
R.0.0.1.1.0.0.1,LP,"OPTIMAL",0,44.4206,0.139,0.416113,0,1836,0,0.0323452,1,0,72d9a54f2bf06531f7bfe3f9af21e96e1f327e4f0e7076cdc284deb9d676730e,72d9a54f2bf06531f7bfe3f9af21e96e1f327e4f0e7076cdc284deb9d676730e,"E:\codes\ExactEBRP\results\gf_cplex_equivalent_gurobi_replica_round28\runs\stage0_sentinel__moderate_seed4301__c3_replica__120s\external\native_logs\R.0.0.1.1.0.0.1_lp.gurobi.log"
R.0.0.1.1.0.0.0.0,LP,"OPTIMAL",0,44.1166,0.128,0.387032,0,1843,0,0.0323452,1,0,2e905b447ec1a15ff6883eb1853f39286e8a2954394b23cfa98fb3d9ae0f7c4c,2e905b447ec1a15ff6883eb1853f39286e8a2954394b23cfa98fb3d9ae0f7c4c,"E:\codes\ExactEBRP\results\gf_cplex_equivalent_gurobi_replica_round28\runs\stage0_sentinel__moderate_seed4301__c3_replica__120s\external\native_logs\R.0.0.1.1.0.0.0.0_lp.gurobi.log"
R.0.0.1.1.0.0.0.0,MIP,"INFEASIBLE",0,43.9542,1.015,1.7791,1,5492,0,0.0558886,1,1,2e905b447ec1a15ff6883eb1853f39286e8a2954394b23cfa98fb3d9ae0f7c4c,2e905b447ec1a15ff6883eb1853f39286e8a2954394b23cfa98fb3d9ae0f7c4c,"E:\codes\ExactEBRP\results\gf_cplex_equivalent_gurobi_replica_round28\runs\stage0_sentinel__moderate_seed4301__c3_replica__120s\external\native_logs\R.0.0.1.1.0.0.0.0_terminal_mip.gurobi.log"
R.0.0.1.1.0.0.0.1,LP,"OPTIMAL",0,42.7772,0.128,0.371636,0,1589,0,0.0558886,1,0,435d9ddbb52b56250fa8af2a0ebea0f1d25e3fbc7a03ada5661e654eaf910714,435d9ddbb52b56250fa8af2a0ebea0f1d25e3fbc7a03ada5661e654eaf910714,"E:\codes\ExactEBRP\results\gf_cplex_equivalent_gurobi_replica_round28\runs\stage0_sentinel__moderate_seed4301__c3_replica__120s\external\native_logs\R.0.0.1.1.0.0.0.1_lp.gurobi.log"
R.0.0.1.1.0.0.0.1,MIP,"INFEASIBLE",0,42.613,1.15,2.0016,1,5460,0,0.0576664,1,1,435d9ddbb52b56250fa8af2a0ebea0f1d25e3fbc7a03ada5661e654eaf910714,435d9ddbb52b56250fa8af2a0ebea0f1d25e3fbc7a03ada5661e654eaf910714,"E:\codes\ExactEBRP\results\gf_cplex_equivalent_gurobi_replica_round28\runs\stage0_sentinel__moderate_seed4301__c3_replica__120s\external\native_logs\R.0.0.1.1.0.0.0.1_terminal_mip.gurobi.log"
R.0.0.1.1.0.0.1.0,LP,"OPTIMAL",0,41.2993,0.134,0.386984,0,1578,0,0.0576664,1,0,a467a8ea5aea7269ee6df3027978dec524b71d71a13dab1ad6019b117b6153ae,a467a8ea5aea7269ee6df3027978dec524b71d71a13dab1ad6019b117b6153ae,"E:\codes\ExactEBRP\results\gf_cplex_equivalent_gurobi_replica_round28\runs\stage0_sentinel__moderate_seed4301__c3_replica__120s\external\native_logs\R.0.0.1.1.0.0.1.0_lp.gurobi.log"
R.0.0.1.1.0.0.1.0,MIP,"INFEASIBLE",0,41.1311,5.121,10.0688,3,25499,0,0.0740741,1,1,a467a8ea5aea7269ee6df3027978dec524b71d71a13dab1ad6019b117b6153ae,a467a8ea5aea7269ee6df3027978dec524b71d71a13dab1ad6019b117b6153ae,"E:\codes\ExactEBRP\results\gf_cplex_equivalent_gurobi_replica_round28\runs\stage0_sentinel__moderate_seed4301__c3_replica__120s\external\native_logs\R.0.0.1.1.0.0.1.0_terminal_mip.gurobi.log"
R.0.0.1.1.0.0.1.1,LP,"OPTIMAL",0,35.8412,0.136,0.414613,0,1823,0,0.0740741,1,0,f9d7f2a1a10f87bd3e7727d846cde6c527ba5b3d0ed01cf8f773d278324fe687,f9d7f2a1a10f87bd3e7727d846cde6c527ba5b3d0ed01cf8f773d278324fe687,"E:\codes\ExactEBRP\results\gf_cplex_equivalent_gurobi_replica_round28\runs\stage0_sentinel__moderate_seed4301__c3_replica__120s\external\native_logs\R.0.0.1.1.0.0.1.1_lp.gurobi.log"
R.0.0.1.1.0.0.1.1,MIP,"INFEASIBLE",0,35.6707,4.929,9.60037,3,22673,0,0.0740741,1,1,f9d7f2a1a10f87bd3e7727d846cde6c527ba5b3d0ed01cf8f773d278324fe687,f9d7f2a1a10f87bd3e7727d846cde6c527ba5b3d0ed01cf8f773d278324fe687,"E:\codes\ExactEBRP\results\gf_cplex_equivalent_gurobi_replica_round28\runs\stage0_sentinel__moderate_seed4301__c3_replica__120s\external\native_logs\R.0.0.1.1.0.0.1.1_terminal_mip.gurobi.log"
R.0.0.1.1.0.1.0,LP,"OPTIMAL",0,30.576,0.131,0.398135,0,1774,0,0.0740741,1,0,268e5c7396a6444e0a647d155554010abd3e94aa0bb55895ad03b4a4592cf6c4,268e5c7396a6444e0a647d155554010abd3e94aa0bb55895ad03b4a4592cf6c4,"E:\codes\ExactEBRP\results\gf_cplex_equivalent_gurobi_replica_round28\runs\stage0_sentinel__moderate_seed4301__c3_replica__120s\external\native_logs\R.0.0.1.1.0.1.0_lp.gurobi.log"
R.0.0.1.1.0.1.1,LP,"OPTIMAL",0,30.2825,0.129,0.375071,0,1544,0,0.0740741,1,0,a9f4ee110680487e378f4d441a370a5efcb3753cd6b427107ac172a55696517d,a9f4ee110680487e378f4d441a370a5efcb3753cd6b427107ac172a55696517d,"E:\codes\ExactEBRP\results\gf_cplex_equivalent_gurobi_replica_round28\runs\stage0_sentinel__moderate_seed4301__c3_replica__120s\external\native_logs\R.0.0.1.1.0.1.1_lp.gurobi.log"
R.0.0.1.1.0.1.0.0,LP,"OPTIMAL",0,29.9928,0.133,0.407714,0,1682,0,0.0740741,1,0,05947c508dccf843d93b845ac8e6fd0fb61d76ac6234a7609a2851dbaa548225,05947c508dccf843d93b845ac8e6fd0fb61d76ac6234a7609a2851dbaa548225,"E:\codes\ExactEBRP\results\gf_cplex_equivalent_gurobi_replica_round28\runs\stage0_sentinel__moderate_seed4301__c3_replica__120s\external\native_logs\R.0.0.1.1.0.1.0.0_lp.gurobi.log"
R.0.0.1.1.0.1.0.0,MIP,"INFEASIBLE",0,29.8265,7.322,14.5703,13,48027,0,0.0787405,1,1,05947c508dccf843d93b845ac8e6fd0fb61d76ac6234a7609a2851dbaa548225,05947c508dccf843d93b845ac8e6fd0fb61d76ac6234a7609a2851dbaa548225,"E:\codes\ExactEBRP\results\gf_cplex_equivalent_gurobi_replica_round28\runs\stage0_sentinel__moderate_seed4301__c3_replica__120s\external\native_logs\R.0.0.1.1.0.1.0.0_terminal_mip.gurobi.log"
R.0.0.1.1.0.1.0.1,LP,"OPTIMAL",0,22.3367,0.13,0.395816,0,1757,0,0.0787405,1,0,9594c795d5f6b2829186c064433de3daf5e6084133f3ff5cd2139cfe9b15225e,9594c795d5f6b2829186c064433de3daf5e6084133f3ff5cd2139cfe9b15225e,"E:\codes\ExactEBRP\results\gf_cplex_equivalent_gurobi_replica_round28\runs\stage0_sentinel__moderate_seed4301__c3_replica__120s\external\native_logs\R.0.0.1.1.0.1.0.1_lp.gurobi.log"
R.0.0.1.1.0.1.0.1,MIP,"INFEASIBLE",0,22.1726,7.007,14.489,23,50658,0,0.0787405,1,1,9594c795d5f6b2829186c064433de3daf5e6084133f3ff5cd2139cfe9b15225e,9594c795d5f6b2829186c064433de3daf5e6084133f3ff5cd2139cfe9b15225e,"E:\codes\ExactEBRP\results\gf_cplex_equivalent_gurobi_replica_round28\runs\stage0_sentinel__moderate_seed4301__c3_replica__120s\external\native_logs\R.0.0.1.1.0.1.0.1_terminal_mip.gurobi.log"
R.0.0.1.1.0.1.1.0,LP,"OPTIMAL",0,15.0033,0.132,0.391772,0,1572,0,0.0787405,1,0,fdca0c0681a41b88c0fb3acbcd6a1e228e8e55f8272047975767a4a681a5280a,fdca0c0681a41b88c0fb3acbcd6a1e228e8e55f8272047975767a4a681a5280a,"E:\codes\ExactEBRP\results\gf_cplex_equivalent_gurobi_replica_round28\runs\stage0_sentinel__moderate_seed4301__c3_replica__120s\external\native_logs\R.0.0.1.1.0.1.1.0_lp.gurobi.log"
R.0.0.1.1.0.1.1.0,MIP,"INFEASIBLE",0,14.8351,7.951,16.6366,43,58463,0,0.0787405,1,1,fdca0c0681a41b88c0fb3acbcd6a1e228e8e55f8272047975767a4a681a5280a,fdca0c0681a41b88c0fb3acbcd6a1e228e8e55f8272047975767a4a681a5280a,"E:\codes\ExactEBRP\results\gf_cplex_equivalent_gurobi_replica_round28\runs\stage0_sentinel__moderate_seed4301__c3_replica__120s\external\native_logs\R.0.0.1.1.0.1.1.0_terminal_mip.gurobi.log"
R.0.0.1.1.0.1.1.1,LP,"OPTIMAL",0,6.71879,0.143,0.412895,0,1680,0,0.0787405,1,0,d5e94160c7a876f9a6485a2464e330139299de535227a8f55fbe476d2d8e3b77,d5e94160c7a876f9a6485a2464e330139299de535227a8f55fbe476d2d8e3b77,"E:\codes\ExactEBRP\results\gf_cplex_equivalent_gurobi_replica_round28\runs\stage0_sentinel__moderate_seed4301__c3_replica__120s\external\native_logs\R.0.0.1.1.0.1.1.1_lp.gurobi.log"
R.0.0.1.1.0.1.1.1,MIP,"TIME_LIMIT",0,6.54177,6.542,13.5224,23,44778,0,0.0787405,1,1,d5e94160c7a876f9a6485a2464e330139299de535227a8f55fbe476d2d8e3b77,d5e94160c7a876f9a6485a2464e330139299de535227a8f55fbe476d2d8e3b77,"E:\codes\ExactEBRP\results\gf_cplex_equivalent_gurobi_replica_round28\runs\stage0_sentinel__moderate_seed4301__c3_replica__120s\external\native_logs\R.0.0.1.1.0.1.1.1_terminal_mip.gurobi.log"
